Op., WoO, Hess, Biamonti, Title, Key, Date, Scoring, Genre, Comments
 001, NaN, NaN,  062,  Piano Trios (3):, NaN,  1792-94,  vn vc pf,  Chamber, NaN
 001/1, NaN, NaN,  062/1, 
 Piano Trio,  E♭ major,  1792-93,  vn vc pf,  Chamber, NaN
 001/2, NaN, NaN,  062/2, 
 Piano Trio,  G major,  1792-94,  vn vc pf,  Chamber, NaN
 001/3, NaN, NaN,  062/3, 
 Piano Trio,  C minor,  1792-94,  vn vc pf,  Chamber,  arr. for 2vn va vc as Op.104
 002, NaN, NaN,  087,  Piano Sonatas (3):, NaN,  1793-95,  pf,  Keyboard, NaN
 002/1, NaN, NaN,  087/1, 
 Piano Sonata No.1,  F minor,  1793-95,  pf,  Keyboard, NaN
 002/2, NaN, NaN,  087/2, 
 Piano Sonata No.2,  A major,  1794-95,  pf,  Keyboard, NaN
 002/3, NaN, NaN,  087/3, 
 Piano Sonata No.3,  C major,  1794-95,  pf,  Keyboard, NaN
 003, NaN, NaN,  105,  String Trio,  E♭ major,  1794,  vn va vc,  Chamber,  see also Op.64
 004, NaN, NaN,  115,  String Quintet,  E♭ major,  1795,  2vn 2va vc,  Chamber,  based on Op.103; see also Op.63
 005, NaN, NaN,  106,  Cello Sonatas (2), NaN,  1796,  vc pf,  Chamber, NaN
 005/1, NaN, NaN,  106/1, 
 Cello Sonata No.1,  F major,  1796,  vc pf,  Chamber, NaN
 005/2, NaN, NaN,  106/2, 
 Cello Sonata No.2,  G minor,  1796,  vc pf,  Chamber, NaN
 006, NaN, NaN,  134,  Sonata for Piano Four Hands in D major,  D major,  1796-97,  pf4h,  Keyboard, NaN
 007, NaN, NaN,  136,  Piano Sonata No.4 ('Grand Sonata'),  E♭ major,  1796-97,  pf,  Keyboard, NaN
 008, NaN, NaN,  135,  Serenade,  D major,  1796-97,  vn va vc,  Chamber, NaN
 009, NaN, NaN,  153,  String Trios (3):, NaN,  1797-98,  vn va vc,  Chamber, NaN
 009/1, NaN, NaN,  153/1, 
 String Trio,  G major,  1797-98,  vn va vc,  Chamber, NaN
 009/2, NaN, NaN,  153/2, 
 String Trio,  D major,  1797-98,  vn va vc,  Chamber, NaN
 009/3, NaN, NaN,  153/3, 
String Trio,  C minor,  1797-98,  vn va vc,  Chamber, NaN
 010, NaN, NaN,  157,  Piano Sonatas (3):, NaN,  1795-98,  pf,  Keyboard, NaN
 010/1, NaN, NaN,  157/1, 
 Piano Sonata No.5,  C minor,  1795-97,  pf,  Keyboard, NaN
 010/2, NaN, NaN,  157/2, 
 Piano Sonata No.6,  F major,  1796-97,  pf,  Keyboard, NaN
 010/3, NaN, NaN,  157/3, 
 Piano Sonata No.7,  D major,  1797-98,  pf,  Keyboard, NaN
 011, NaN, NaN,  156,  Trio in B-flat major ('Gassenhauer'),  B♭ major,  1797-98,  cl/vn vc pf,  Chamber, NaN
 012, NaN, NaN,  165,  Violin Sonatas (3):, NaN,  1797-98,  vn pf,  Chamber, NaN
 012/1, NaN, NaN,  165/1, 
 Violin Sonata No.1,  D major,  1797-98,  vn pf,  Chamber, NaN
 012/2, NaN, NaN,  165/2, 
 Violin Sonata No.2,  A major,  1797-98,  vn pf,  Chamber, NaN
 012/3, NaN, NaN,  165/3, 
 Violin Sonata No.3,  E♭ major,  1797-98,  vn pf,  Chamber, NaN
 013, NaN, NaN,  184,  Piano Sonata No.8 ('Pathétique'),  C minor,  1797-98,  pf,  Keyboard, NaN
 014, NaN, NaN, NaN,  Piano Sonatas (2):, NaN,  1798-99,  pf,  Keyboard, NaN
 014/1, NaN, NaN,  285, 
 Piano Sonata No.9,  E major,  1798-99,  pf,  Keyboard, NaN
 014/2, NaN, NaN,  284, 
 Piano Sonata No.10,  G major,  1799,  pf,  Keyboard, NaN
 015, NaN, NaN,  167,  Piano Concerto No.1,  C major,  1795-1800,  pf orch,  Orchestral, NaN
 016, NaN, NaN,  130,  Quintet in E-flat major,  E♭ major,  1796-97,  ob cl bn hn pf,  Chamber,  arr for vn va vc pf as Op.16a
 016a, NaN, NaN,  131,  Quintet in E-flat major,  E♭ major,  1796-97,  vn va vc pf,  Chamber,  arr of Op.16
 017, NaN, NaN,  206,  Horn Sonata,  F major,  1800,  hn pf,  Chamber, NaN
 018, NaN, NaN,  225/1,  String Quartets (6):, NaN,  1798-1800,  2vn va vc,  Chamber, NaN
 018/1, NaN, NaN,  225/1, 
 String Quartet No.1,  F major,  1798-1800,  2vn va vc,  Chamber, NaN
 018/2, NaN, NaN,  225/2, 
 String Quartet No.2,  G major,  1798-1800,  2vn va vc,  Chamber, NaN
 018/3, NaN, NaN,  225/3, 
 String Quartet No.3,  D major,  1798-1800,  2vn va vc,  Chamber, NaN
 018/4, NaN, NaN,  225/4, 
 String Quartet No.4,  C minor,  1798-1800,  2vn va vc,  Chamber, NaN
 018/5, NaN, NaN,  225/5, 
 String Quartet No.5,  A major,  1798-1800,  2vn va vc,  Chamber, NaN
 018/6, NaN, NaN,  225/6, 
 String Quartet No.6,  B♭ major,  1798-1800,  2vn va vc,  Chamber, NaN
 019, NaN, NaN,  166,  Piano Concerto No.2,  B♭ major,  1788-1801,  pf orch,  Orchestral, NaN
 020, NaN, NaN,  204,  Septet,  E♭ major,  1799,  cl bn hn vn va vc db,  Chamber, NaN
 021, NaN, NaN,  203,  Symphony No.1,  C major,  1799-1800,  orch,  Orchestral, NaN
 022, NaN, NaN,  208,  Piano Sonata No.11,  B♭ major,  1800,  pf,  Keyboard, NaN
 023, NaN, NaN,  293,  Violin Sonata No.4,  A minor,  1800-01,  vn pf,  Chamber, NaN
 024, NaN, NaN,  294,  Violin Sonata No.5,  F major,  1800-01,  vn pf,  Chamber, NaN
 025, NaN, NaN,  114,  Serenade,  D major,  1801,  For flute  violin  viola,  Chamber,  arr. for fl pf as Op.41
 026, NaN, NaN,  296,  Piano Sonata No.12 ('Funeral March'),  A♭ major,  1800-01,  pf,  Keyboard,  movt. III arr. for orch as WoO 96/4
 027, NaN, NaN,  297/1,  Piano Sonatas (2):, NaN,  1800-01,  pf,  Keyboard, NaN
 027/1, NaN, NaN,  297/1, 
 Piano Sonata No.13 ('Quasi una fantasia'),  E♭ major,  1800-01,  pf,  Keyboard, NaN
 027/2, NaN, NaN,  297/2, 
 Piano Sonata No.14 ('Moonlight'),  C♯ minor,  1801,  pf,  Keyboard, NaN
 028, NaN, NaN,  302,  Piano Sonata No.15 ('Pastoral'),  D major,  1801,  pf,  Keyboard, NaN
 029, NaN, NaN,  298,  String Quintet in C major ('Storm'),  C major,  1801,  2vn 2va vc,  Chamber, NaN
 030, NaN, NaN,  340,  Violin Sonatas (3):, NaN,  1801-02,  vn pf,  Chamber, NaN
 030/1, NaN, NaN,  340/1, 
 Violin Sonata No.6,  A major,  1801-02,  vn pf,  Chamber, NaN
 030/2, NaN, NaN,  340/2, 
 Violin Sonata No.7 ('Eroica'),  C minor,  1801-02,  vn pf,  Chamber, NaN
 030/3, NaN, NaN,  340/3, 
 Violin Sonata No.8,  G major,  1801-02,  vn pf,  Chamber, NaN
 031, NaN, NaN,  339,  Piano Sonatas (3):, NaN,  1802,  pf,  Keyboard, NaN
 031/1, NaN, NaN,  339/1, 
 Piano Sonata No.16,  G major,  1802,  pf,  Keyboard, NaN
 031/2, NaN, NaN,  339/3, 
 Piano Sonata No.17 ('Tempest'),  D minor,  1802,  pf,  Keyboard, NaN
 031/3, NaN, NaN,  339/2, 
 Piano Sonata No.18 ('Hunt'),  E♭ major,  1802,  pf,  Keyboard, NaN
 032, NaN, NaN,  421,  An die Hoffnung ("Die du so gern in heilgen Nächten feierst"), NaN,  1804-05,  v pf,  Vocal,  1st setting; see also Op.94
 033, NaN, NaN,  334,  Bagatelles (7), NaN,  1801-02,  pf,  Keyboard, NaN
 034, NaN, NaN,  327,  Variations (6),  F major,  1802,  pf,  Keyboard, NaN
 035, NaN, NaN,  328,  Variations and Fugue ('Eroica Variations'),  E♭ major,  1802,  pf,  Keyboard, NaN
 036, NaN, NaN,  326,  Symphony No.2,  D major,  1801-02,  orch,  Orchestral,  also arr. for vn vc pf
 036, NaN, NaN,  425,  Symphony No.2,  D major,  1805,  vn vc pf,  Chamber,  arr. of version for orch
 037, NaN, NaN,  337,  Piano Concerto No.3,  C minor,  1800-03,  pf orch,  Orchestral, NaN
 038, NaN, NaN,  376,  Trio,  E♭ major,  1802-03,  cl/vn vc pf,  Chamber,  arr. of Op. 20
 039, NaN, NaN,  375,  Preludes (2) ('par tous les 12 tons majeurs'),  C major,  1789,  pf/org,  Keyboard, NaN
 040, NaN, NaN,  329,  Romance,  G major,  1800-02,  vn orch,  Orchestral, NaN
 041, NaN,  Anh.12,  371,  Serenade,  D major,  1803,  fl pf,  Chamber,  spurious; arr. of Op.25 by Franz Xaver Kleinheinz
 042, NaN,  Anh.13,  372,  Notturno,  D major,  1803-04,  va pf,  Chamber,  spurious; arr. of Op.8 by Franz Xaver Kleinheinz
 043, NaN, NaN,  288,  Die Geschöpfe des Prometheus (The Creatures of Prometheus), NaN,  1800-01,  orch,  Stage, NaN
 044, NaN, NaN,  263,  Variations (14),  E♭ major,  1792,  vn va pf,  Chamber, NaN
 045, NaN, NaN,  377,  Marches (3), NaN,  1803,  pf4h,  Keyboard, NaN
 046, NaN, NaN,  111,  Adelaide ("Einsam wandelt dein Freund"),  B♭ major,  1794-95,  v pf,  Vocal, NaN
 047, NaN, NaN,  366,   Violin Sonata No.9 ("Kreutzer"),  A major,  1802-03,  vn pf,  Chamber, NaN
 048, NaN, NaN,  367,  Lieder (6), NaN,  1801-02,  v pf,  Vocal, NaN
 048/1, NaN, NaN,  367/1, 
 Bitten ("Gott  deine Güte reicht so weit"),  E major,  1801-02,  v pf,  Vocal, NaN
 048/2, NaN, NaN,  367/2, 
 Die Liebe des Nächsten ("So jemand spricht: Ich liebe Gott!"),  E♭ major,  1801-02,  v pf,  Vocal, NaN
 048/3, NaN, NaN,  367/3, 
 Vom Tode ("Meine Lebenszeit verstreicht"),  F♯ minor,  1801-02,  v pf,  Vocal, NaN
 048/4, NaN, NaN,  367/4, 
 Die Ehre Gottes aus der Natur ("Die Himmel rühmen des Ewigen Ehre"),  C major,  1801-02,  v pf,  Vocal, NaN
 048/5, NaN, NaN,  367/5, 
 Gottes Macht und Vorsehung ("Gott ist mein Leid!"),  C major,  1801-02,  v pf,  Vocal, NaN
 048/6, NaN, NaN,  367/6, 
 Bußlied ("An dir allein  an dir hab ich gendigt"),  A minor,  1801-02,  v pf,  Vocal, NaN
 049, NaN, NaN, NaN,  Piano Sonatas (2):, NaN,  1797,  pf,  Keyboard, NaN
 049/1, NaN, NaN,  170, 
 Piano Sonata No.19,  G minor,  1797,  pf,  Keyboard, NaN
 049/2, NaN, NaN,  120, 
 Piano Sonata No.20,  G major,  1795-96,  pf,  Keyboard, NaN
 050, NaN, NaN,  330,  Romance,  F major,  1798,  vn orch,  Orchestral, NaN
 051, NaN, NaN, NaN,  Rondos (2), NaN,  1796-97,  pf,  Keyboard, NaN
 052, NaN, NaN,  034,  Lieder (8):, NaN,  1785-93,  v pf,  Vocal, NaN
 052/1, NaN, NaN,  034/1, 
 Urians Reise um die Welt ("Wenn jemand eine Reise tut"),  A minor,  1785-93,  v pf,  Vocal,  Words by Matthias Claudius
 052/2, NaN, NaN,  034/2, 
 Feuerfarb ("Ich weiß eine Farbe"),  G major,  1785-93,  v pf,  Vocal,  Words by Sophie Mereau
 052/3, NaN, NaN,  034/3, 
 Das Liedchen von der Ruhe ("Im Arm der Liebe ruht sich's wohl"),  F major,  1785-93,  v pf,  Vocal,  Words by Hermann Wilhelm Franz Ueltzen
 052/4, NaN, NaN,  034/4, 
 Maigesang (Mailied) ("Wie herrlich leuchtet mir dir Natur"),  E♭ major,  1785-93,  v pf,  Vocal,  Words by Johann Wolfgang von Goethe
 052/5, NaN, NaN,  034/5, 
 Mollys Abschied ("Lebe wohl  du Mann"),  G major,  1785-93,  v pf,  Vocal,  Words by Gottfried August Bürger
 052/6, NaN, NaN,  034/6, 
 Die Liebe ("Ohne Liebe lebe wer da kann"),  F major,  1785-93,  v pf,  Vocal,  Words by Gotthold Ephraim Lessing
 052/7, NaN, NaN,  034/7, 
 Marmotte ("Ich komme schon durch manches Land"),  A major,  1785-93,  v pf,  Vocal,  Words by Johann Wolfgang von Goethe
 052/8, NaN, NaN,  034/8, 
 Das Blümchen Wunderhold ("Es blüht ein Blümchen irgendwo"),  G major,  1785-93,  v pf,  Vocal,  Words by Gottfried August Bürger
 053, NaN, NaN,  411,  Piano Sonata No.21 ("Waldstein"),  C major,  1803-04,  pf,  Keyboard, NaN
 054, NaN, NaN,  412,  Piano Sonata No.22,  F major,  1804,  pf,  Keyboard, NaN
 055, NaN, NaN,  406,  Symphony No.3 ('Eroica'),  E♭ major,  1803,  orch,  Orchestral, NaN
 056, NaN, NaN,  410,  Triple Concerto,  C major,  1804-05,  vn vc pf orch,  Orchestral, NaN
 057, NaN, NaN,  420,  Piano Sonata No.23 ('Apassionata'),  F minor,  1804-05,  pf,  Keyboard, NaN
 058, NaN, NaN,  431,  Piano Concerto No.4,  G major,  1804-07  rev.1809,  pf orch,  Orchestral,  arr. for 2vn va vc db pf as Op.58a
 058a, NaN, NaN,  431,  Piano Concerto No.4,  G major,  1804-07,  2vn va vc db pf,  Chamber,  arr. of Op.58
 059, NaN, NaN,  436,  String Quartets (3) ('Razumovsky Quartets'):, NaN,  1806,  2vn va vc,  Chamber, NaN
 059/1, NaN, NaN,  436/1, 
 String Quartet No.7,  F major,  1806,  2vn va vc,  Chamber, NaN
 059/2, NaN, NaN,  436/2, 
 String Quartet No.8,  E minor,  1806,  2vn va vc,  Chamber, NaN
 059/3, NaN, NaN,  436/3, 
 String Quartet No.9,  C major,  1806,  2vn va vc,  Chamber, NaN
 060, NaN, NaN,  429,  Symphony No.4,  B♭ major,  1806,  orch,  Orchestral, NaN
 061, NaN, NaN,  432,  Violin Concerto,  D major,  1806,  vn orch,  Orchestral,  arr for pf orch as Op.61a
 061a, NaN, NaN,  441,  Piano Concerto,  D major,  1807,  pf orch,  Orchestral,  arr. of Op.61
 062, NaN, NaN,  438,  Coriolan,  C minor,  1807,  orch,  Orchestral, NaN
 063, NaN,  Anh.14,  II/65,  Piano Trio,  E♭ major, NaN,  vn va vc,  Chamber,  arr. of Op.4; Beethoven's authorship doubtful
 064, NaN,  Anh.15,  II/60,  Cello Sonata ('Grand Sonata'),  E♭ major,  1807,  vc pf,  Chamber,  spurious; arr.of Op.3 by unknown author
 065, NaN, NaN,  116,  Ah! Perfido, NaN,  1796,  sop orch,  Vocal, NaN
 066, NaN, NaN,  160,  Variations on 'Ein Mädchen oder Weibchen' (12),  F major,  1796,  vc pf,  Chamber,  based on an aria from Die Zauberflöte  K.620  by Wolfgang Amadeus Mozart
 067, NaN, NaN,  443,  Symphony No.5,  C minor,  1804-08,  orch,  Orchestral, NaN
 068, NaN, NaN,  453,  Symphony No.6,  F major,  1807-08,  orch,  Orchestral, NaN
 069, NaN, NaN,  444,  Cello Sonata No.3,  A major,  1807-08,  vc pf,  Chamber, NaN
 070, NaN, NaN,  455,  Piano Trios (2):, NaN,  1808,  vn vc pf,  Chamber, NaN
 070/1, NaN, NaN,  455/1, 
 Piano Trio ('Ghost'),  D major,  1808,  vn vc pf,  Chamber, NaN
 070/2, NaN, NaN,  455/2, 
 Piano Trio,  E♭ major,  1808,  vn vc pf,  Chamber, NaN
 071, NaN, NaN,  118,  Sextet,  E♭ major,  1792-96,  2cl 2bn 2hn,  Chamber, NaN
 072, NaN,  109,  423,  Fidelio (Leonore  oder Der Triumph der ehelichen Liebe)  opera in 3 acts, NaN,  1804-05,  vv ch orch,  Stage,  1st version; includes Op. 72a
 072, NaN,  110,  427,  Fidelio (Leonore  oder Der Triumph der ehelichen Liebe)  opera in 2 acts, NaN,  1805-06,  vv ch orch,  Stage,  2nd version; includes Op. 72b (and WoO 2/2?)
 072, NaN, NaN,  570,  Fidelio  opera in 2 acts, NaN,  1814,  vv ch orch,  Stage,  3rd version
 072a, NaN, NaN,  423,  Leonora Overture No.2,  C major,  1804-05,  orch,  Orchestral,  1st version of Opp. 72b   138 (included in 1st version of Op. 72)
 072b, NaN, NaN,  427,  Leonora Overture No.3,  C major,  1806,  orch,  Orchestral,  2nd version of Opp. 72a  138 (included in 2nd version of Op. 72)
 073, NaN, NaN,  499,  Piano Concerto No.5 ('Emperor'),  E♭ major,  1808-09,  pf orch,  Orchestral, NaN
 074, NaN, NaN,  485,  String Quartet No.10 ('Harp'),  E♭ major,  1809,  2vn va vc,  Chamber, NaN
 075, NaN, NaN,  502,  Gesänge (6):, NaN,  1809,  v pf,  Vocal, NaN
 075/1, NaN, NaN,  502/1, 
 Mignon ("Kennst du das Land"), NaN,  1809,  v pf,  Vocal, NaN
 075/2, NaN, NaN,  502/2, 
 Neue Liebe  neues Leben ("Herz  mein Herz  was soll das geben?"), NaN,  1809,  v pf,  Vocal,  2nd setting of WoO 27
 075/3, NaN, NaN,  502/3, 
 Aus Goethes Faust ("Es war einmal ein König"), NaN,  1809,  v pf,  Vocal, NaN
 075/4, NaN, NaN,  502/4, 
 Gretels Warnung ("Mit Liebesblick und Spiel"), NaN,  1809,  v pf,  Vocal, NaN
 075/5, NaN, NaN,  502/5, 
 An den fernen Geliebten ("Einst wohnten süsse Ruh'"), NaN,  1809,  v pf,  Vocal, NaN
 075/6, NaN, NaN,  502/6, 
 Der Zufriedene ("Zwar schuf das Glück hienieden"), NaN,  1809,  v pf,  Vocal, NaN
 076, NaN, NaN,  494,  Variations (6),  D major,  1809,  pf,  Keyboard, NaN
 077, NaN, NaN,  492,  Fantasia,  G minor,  1809,  pf,  Keyboard, NaN
 078, NaN, NaN,  493,  Piano Sonata No.24 ('A Thérèse'),  F♯ major,  1809,  pf,  Keyboard, NaN
 079, NaN, NaN,  495,  Piano Sonata No.25 ('Cuckoo'),  G major,  1809,  pf,  Keyboard, NaN
 080, NaN, NaN,  486,  Fantasia in C minor ('Choral Fantasia'),  C minor,  1808-09,  ch pf orch,  Vocal, NaN
 081a, NaN, NaN,  514,  Piano Sonata No.26 ('Les adieux'),  E♭ major,  1809-10,  pf,  Keyboard, NaN
 081b, NaN, NaN,  072,  Sextet in E-flat major,  E♭ major,  1795,  2hn 2vn va vc,  Chamber, NaN
 082, NaN, NaN,  513,  Arietten und ein Duett (4):, NaN,  1809-10,  v/2vv pf,  Vocal, NaN
 082/1, NaN, NaN,  513/1, 
 Hoffnung ("Dimmi  ben mio  che m'ami"), NaN,  1809-10,  v pf,  Vocal, NaN
 082/2, NaN, NaN,  513/2, 
 Liebes-Klage ("T'intendo  si  mio cor"), NaN,  1809-10,  v pf,  Vocal, NaN
 082/3, NaN, NaN,  513/3, 
 Che fa il mio bene? ("L'amante impatiente"), NaN,  1809-10,  v pf,  Vocal, NaN
 082/4, NaN, NaN,  513/4, 
 Che fa il mio bene? ("L'amante impatiente"), NaN,  1809-10,  v pf,  Vocal, NaN
 082/5, NaN, NaN,  513/5, 
 Lebensgenuß ("Odi l'aura che dolce sospira"), NaN,  1809-10,  2vvv pf,  Vocal, NaN
 083, NaN, NaN,  531,  Gesänge (3), NaN,  1810,  v pf,  Vocal, NaN
 083/1, NaN, NaN,  531, 
 Wonne der Wehmut ("Trocknet nicht  Tränen der ewigen Liebe!"), NaN,  1810,  v pf,  Vocal, NaN
 083/2, NaN, NaN,  531, 
 Sensucht ("Was zieht mir das Herz so?"), NaN,  1810,  v pf,  Vocal, NaN
 083/3, NaN, NaN,  531, 
 Mit einem gemalten Band ("Kleine Blumen  kleine Blätter streuen wir mit leichter Hand"), NaN,  1810,  v pf,  Vocal, NaN
 084, NaN, NaN,  518,  Egmont, NaN,  1809-10,  vv orch,  Stage, NaN
 085, NaN, NaN,  363,  Christus am Ölberge ('Christ on the Mount of Olives'), NaN,  1803-04,  3vv ch orch,  Vocal, NaN
 086, NaN, NaN,  439,  Mass,  C major,  1807,  4vvch orch,  Vocal, NaN
 087, NaN, NaN,  63,  Trio,  C major,  1794-95,  2ob eh,  Chamber, NaN
 088, NaN, NaN,  370,  Das Glück der Freundschaft ("Der lebt ein Leben wonniglich"), NaN,  1803,  v pf,  Vocal, NaN
 089, NaN, NaN,  588,  Polonaise in C major,  C major,  1814,  pf,  Keyboard, NaN
 090, NaN, NaN,  578,  Piano Sonata No.27,  E minor,  1814,  pf,  Keyboard, NaN
 091, NaN, NaN,  560,  Wellingtons Sieg (Wellington's Victory or 'Battle Symphony'), NaN,  1813,  orch,  Orchestral, NaN
 092, NaN, NaN,  544,  Symphony No.7,  A major,  1811-12,  orch,  Orchestral, NaN
 093, NaN, NaN,  659,  Symphony No.8,  F major,  1812,  orch,  Orchestral, NaN
 094, NaN, NaN,  611,  An die Hoffnung ("Ob ein Gott sei?"),  B♭ minor,  1813-15,  v pf,  Vocal,  2nd setting; see Op.32
 095, NaN, NaN,  524,  String Quartet No.11 ("Serioso"),  F minor,  1810-11,  2vn va vc,  Chamber, NaN
 096, NaN, NaN,  550,  Violin Sonata No.10 ("Cock-crow"),  G major,  1812,  vn pf,  Chamber, NaN
 097, NaN, NaN,  536,  Piano Trio("Archduke"),  B♭ major,  1810-15,  vn va vc,  Chamber, NaN
 098, NaN, NaN,  652,  An die ferne Geliebte:, NaN,  1816,  v pf,  Vocal, NaN
 098/1, NaN, NaN,  652, 
 Auf dem Hügel sitz' ich  spähend, NaN,  1816,  v pf,  Vocal, NaN
 098/2, NaN, NaN,  652, 
 Wo die Bergen so blau, NaN,  1816,  v pf,  Vocal, NaN
 098/3, NaN, NaN,  652, 
 Leichte Segler in den Höhen, NaN,  1816,  v pf,  Vocal, NaN
 098/4, NaN, NaN,  652, 
 Diese Wolken in den Höhen, NaN,  1816,  v pf,  Vocal, NaN
 098/5, NaN, NaN,  652, 
 Es kehret der Maien, NaN,  1816,  v pf,  Vocal, NaN
 098/6, NaN, NaN,  652, 
 Nimm sie hin denn  diese Lieder, NaN,  1816,  v pf,  Vocal, NaN
 099, NaN, NaN,  655,  Der Mann von Wort ("Du sagtest  Freund"),  G major,  1816,  v pf,  Vocal, NaN
 100, NaN, NaN,  596,  Merkenstein,  F major,  1815,  2vvv pf,  Vocal,  2nd setting of WoO 144
 101, NaN, NaN,  656,  Piano Sonata No.28,  A major,  1816,  pf,  Keyboard, NaN
 102, NaN, NaN,  599,  Cello Sonatas (2):, NaN,  1815,  vc pf,  Chamber, NaN
 102/1, NaN, NaN,  599/1, 
 Cello Sonata No.4,  C major,  1815,  vc pf,  Chamber, NaN
 102/2, NaN, NaN,  599/2, 
 Cello Sonata No.5,  D major,  1815,  vc pf,  Chamber, NaN
 103, NaN, NaN,  041,  Wind Octet,  E♭ major,  1792-93,  2ob 2cl 2bn 2hn,  Chamber,  revised for string quintet as Op.4
 104, NaN, NaN,  675,  String Quintet,  C minor,  1817,  2vn 2va vc,  Quintets,  arrangement of Op.1/3
 105, NaN, NaN,  693,  National Airs with Variations (6), NaN,  1818-19,  fl/vn pf,  Chamber, NaN
 105/1, NaN, NaN,  693/1, 
 Air écossais ("The Cottage Maid"),  G major,  1818,  fl/vn pf,  Chamber, NaN
 105/2, NaN, NaN,  693/2, 
 Air écossais,  C minor,  1819,  fl/vn pf,  Chamber, NaN
 105/3, NaN, NaN,  693/3, 
 Air autrichien ("A Schsserl und a Reindel"),  C major,  1818,  fl/vn pf,  Chamber, NaN
 105/4, NaN, NaN,  693/4, 
 Air écossais ("The Last Rose of Summer"),  E♭ major,  1818,  fl/vn pf,  Chamber, NaN
 105/5, NaN, NaN,  693/5, 
 Air écossais ("Chiling O'Guiry"),  E♭ major,  1818,  fl/vn pf,  Chamber, NaN
 105/6, NaN, NaN,  693/6, 
 Air écossais ("Paddy Whack"),  D major,  1818,  fl/vn pf,  Chamber, NaN
 106, NaN, NaN,  708,  Piano Sonata No.29 ("Hammerklavier"),  B♭ major,  1816-18,  pf,  Keyboard, NaN
 107, NaN, NaN,  694,  National Airs with Variations (10):, NaN,  1818-19,  fl/vn pf,  Chamber, NaN
 107/1, NaN, NaN,  694/1, 
 Air tirolien ("I bin a Tiroler Bua"), NaN,  1819,  fl/vn pf,  Chamber,  see also WoO 158/5
 107/2, NaN, NaN,  694/2, 
 Air écossais ("Bonnie Laddie  Highland Laddie"), NaN,  1818,  fl/vn pf,  Chamber, NaN
 107/3, NaN, NaN,  694/3, 
 Air de la petite Russie, NaN,  1819,  fl/vn pf,  Chamber, NaN
 107/4, NaN, NaN,  694/4, 
 Air écossais ("St. Patrick's Day"), NaN,  1819,  fl/vn pf,  Chamber,  see also WoO 154/4
 107/5, NaN, NaN,  694/5, 
 Air tirolien ("A Madel  ja a Madel"), NaN,  1818,  fl/vn pf,  Chamber,  see also WoO 158/6
 107/6, NaN, NaN,  694/6, 
 Air écossais ("Merch Megan"), NaN,  1818,  fl/vn pf,  Chamber,  see also WoO 155/11
 107/7, NaN, NaN,  694/7, 
 Air russe ("Schöne Minka"), NaN,  1818,  fl/vn pf,  Chamber,  see also WoO 158/16
 107/8, NaN, NaN,  694/8, 
 Air écossais ("O  Mary at thy Window Be"), NaN,  1818,  fl/vn pf,  Chamber, NaN
 107/9, NaN, NaN,  694/9, 
 Air écossais ("Oh  Thou art the Lad of my Heart"), NaN,  1818,  fl/vn pf,  Chamber, NaN
 107/10, NaN, NaN,  694/10, 
 Air écossais ("The Highland Watch"), NaN,  1818,  fl/vn pf,  Chamber, NaN
 108, NaN, NaN,  660,  Scottish Songs (25):, NaN,  1815-18,  v vn vc pf,  Vocal, NaN
 108/1, NaN, NaN,  660/1, 
 Music  Love and Wine ("O let me music hear  night and day!"), NaN,  1817,  v vn vc pf,  Vocal, NaN
 108/2, NaN, NaN,  660/2, 
 Sunset ("The sun upon the Weirdlaw Hill"), NaN,  1818,  v vn vc pf,  Vocal, NaN
 108/3, NaN, NaN,  660/3, 
 O Sweet were the Hours, NaN,  1817,  v vn vc pf,  Vocal, NaN
 108/4, NaN, NaN,  660/4, 
 The Maid of Isla ("O maid of Isla from yon cliff"), NaN,  1817,  v vn vc pf,  Vocal, NaN
 108/5, NaN, NaN,  660/5, 
 The Sweetest Lad was Jamie, NaN,  1815,  v vn vc pf,  Vocal, NaN
 108/6, NaN, NaN,  660/6, 
 Dim  Dim is my Eye, NaN,  1815,  v vn vc pf,  Vocal, NaN
 108/7, NaN, NaN,  660/7, 
 Bonnie Laddie  Highland Laddie ("Where got ye that siller moon"), NaN,  1815,  v vn vc pf,  Vocal, NaN
 108/8, NaN, NaN,  660/8, 
 The Lovely Lass of Inverness, NaN,  1816,  v vn vc pf,  Vocal, NaN
 108/9, NaN, NaN,  660/9, 
 Behold my Love how Green the Groves, NaN,  1817,  v vn vc pf,  Vocal, NaN
 108/10, NaN, NaN,  660/10, 
 Sympathy ("Why  Julia  say  that pensive mien?"), NaN,  1815,  v vn vc pf,  Vocal, NaN
 108/11, NaN, NaN,  660/11, 
 O! Thou Art the Lad of my Heart, NaN,  1815,  v vn vc pf,  Vocal, NaN
 108/12, NaN, NaN,  660/12, 
 O  Had My Fate Been Join'd With Thine, NaN,  1816,  v vn vc pf,  Vocal, NaN
 108/13, NaN, NaN,  660/13, 
 Come Fill  Fill  my Good fellow!, NaN,  1817,  v vn vc pf,  Vocal, NaN
 108/14, NaN, NaN,  660/14, 
 O  How Can I Be Blithe and Glad, NaN,  1816,  v vn vc pf,  Vocal, NaN
 108/15, NaN, NaN,  660/15, 
 O Cruel Was My Father, NaN,  1816,  v vn vc pf,  Vocal, NaN
 108/16, NaN, NaN,  660/16, 
 Could This Ill World Have Been Contriv'd, NaN,  1816,  v vn vc pf,  Vocal, NaN
 108/17, NaN, NaN,  660/17, 
 O Mary  at Thy Window Be, NaN,  1817,  v vn vc pf,  Vocal, NaN
 108/18, NaN, NaN,  660/18, 
 Enchantress  Farewell, NaN,  1818,  v vn vc pf,  Vocal, NaN
 108/19, NaN, NaN,  660/19, 
 O Swiftly Glides the Bonny Boat, NaN,  1815,  v vn vc pf,  Vocal, NaN
 108/20, NaN, NaN,  660/20, 
 Faithfu' Johnie (When will you come again), NaN,  1813,  v vn vc pf,  Vocal, NaN
 108/21, NaN, NaN,  660/21, 
 Jeanie's Distress ("By William late offended"), NaN,  1817,  v vn vc pf,  Vocal, NaN
 108/22, NaN, NaN,  660/22, 
 The Highland Watch ("Old Scotia  wake thy mountain strain"), NaN,  1817,  v vn vc pf,  Vocal, NaN
 108/23, NaN, NaN,  660/23, 
 The Shepherd's Song ("The gowan glitters on the sward"), NaN,  1818,  v vn vc pf,  Vocal, NaN
 108/24, NaN, NaN,  660/24, 
 Again  my Lyre, NaN,  1815,  v vn vc pf,  Vocal, NaN
 108/25, NaN, NaN,  660/25, 
 Sally in Our Alley ("Of all the girls that are so smart"), NaN,  1817,  v vn vc pf,  Vocal, NaN
 109, NaN, NaN,  729,  Piano Sonata No.30,  E major,  1820,  pf,  Keyboard, NaN
 110, NaN, NaN,  739,  Piano Sonata No.31,  A♭ major,  1821-22,  pf,  Keyboard, NaN
 111, NaN, NaN,  741,  Piano Sonata No.32,  C minor,  1821-22,  pf,  Keyboard, NaN
 112, NaN, NaN,  609,  Meeresstille und glückliche Fahrt(Calm Sea & Prosperous Voyage),  D major,  1814-15,  ch orch,  Orchestral, NaN
 113, NaN,  118,  539,  Die Ruinen von Athen (The Ruins of Athens)  music to Kotzebue's drama, NaN,  1811,  vv ch orch,  Stage,  1st version of Op. 114
 114, NaN,  118,  742,  Die Ruinen von Athen (The Ruins of Athens)  music to Kotzebue's drama, NaN,  1822,  vv ch orch,  Stage,  2nd version of Op. 113; includes Op. 124  WoO 98
 115, NaN, NaN,  597,  Overture  'Zur Namensfeier' (Name-Day),  C major,  1814-15,  orch,  Orchestral, NaN
 116, NaN, NaN,  567,  Tremate  empi tremate,  B♭ major,  1802-14,  3vv orch,  Vocal, NaN
 117, NaN, NaN,  538,  König Stephan (King Stephen)  music to Kotzebue's play,  E♭ major,  1811,  vv ch orch,  Stage, NaN
 118, NaN, NaN,  576,  Elegischer Gesang ("Sanft wie du lebtest"), NaN,  1814,  4vv 2vn va vc,  Vocal, NaN
 119, NaN, NaN,  745,  Bagatelles (11), NaN,  1820-22,  pf,  Keyboard, NaN
 120, NaN, NaN,  774,  Veränderungen über einen Walzer ('Diabelli Variations'),  C major,  1819-23,  pf,  Keyboard, NaN
 121a, NaN, NaN,  654,  Variations on 'Ich bin der Schneider Kakadu' (10),  G major,  1803-16,  vn va pf,  Chamber,  on a theme from Die Schwestern von Prag by Wenzel Müller
 121b, NaN, NaN,  766,  Opferlied ("Die Flamme lodert"),  E major,  1822,  3vv ch orch,  Vocal,  3rd version of Op. 121b  WoO 126  Hess 91  Hess 145
 121b, NaN, NaN,  790,  Opferlied ("Die Flamme lodert"),  E major,  1824,  3vv ch orch,  Vocal,  4th version of Op. 121b  WoO 126  Hess 91  Hess 145
 122, NaN, NaN,  767,  Bundeslied ("In allen guten Stunden"),  B♭ major,  1822-24,  2vv ch ww br,  Vocal, NaN
 123, NaN, NaN,  776,  Missa solemnis,  D major,  1819-23,  4vv ch org orch,  Vocal, NaN
 124, NaN,  118,  742,  Die Weihe des Hauses  overture,  C major,  1822,  orch,  Orchestral,  overture to Op.114
 125, NaN, NaN,  787,  Symphony No.9,  D minor,  1817-24,  sop alt ten bass ch,  Vocal, NaN
 126, NaN, NaN,  788,  Bagatelles(6), NaN,  1824,  pf,  Keyboard, NaN
 127, NaN, NaN,  803,  String Quartet No.12,  E♭ major,  1822-25,  2vn va vc,  Chamber, NaN
 128, NaN, NaN,  748,  Der Kuß("Ich var bei Chloen ganz allein"),  A major,  1798-1822,  v pf,  Vocal, NaN
 129, NaN, NaN,  162,  Rondo a capriccio ('Rage Over a Lost Penny'),  G major,  1795,  pf,  Keyboard, NaN
 130, NaN, NaN,  830,  String Quartet No.13,  B♭ major,  1825,  2vn va vc,  Chamber,  1st version (including Op.133)
 130, NaN, NaN,  847,  String Quartet No.13,  B♭ major,  1826,  2vn va vc,  Chamber,  2nd version
 131, NaN, NaN,  840,  String Quartet No.14,  C♯ minor,  1825-26,  2vn va vc,  Chamber, NaN
 132, NaN, NaN,  808,  String Quartet No.15 ('Heiliger Dankgesang'),  A minor,  1823-25,  2vn va vc,  Chamber, NaN
 133, NaN, NaN,  830,  Große Fuge,  B♭ major,  1825-26,  2vn va vc,  Chamber,  finale to 1st version of Op.130; arr.for pf4h as Op.134
 134, NaN,  086,  841,  Große Fuge,  B♭ major,  1826,  pf4h,  Keyboard,  arr. from Op.133
 135, NaN, NaN,  845,  String Quartet No.16,  F major,  1826,  2vn va vc,  Chamber, NaN
 136, NaN, NaN,  581,  Der glorreiche Augenblick (The Glorious Moment), NaN,  1814,  4vv ch orch,  Vocal, NaN
 137, NaN, NaN,  678,  Fugue in D major,  D major,  1817,  2vn va vc,  Chamber, NaN
 138, NaN, NaN,  422,  Leonora Overture No.1,  C major,  1807,  orch,  Orchestral,  3rd version of Opp. 72a  72b
NaN,  001, NaN,  029,  Musik zu einem Ritterballet,  D major,  1790-91,  orch,  Stage,  music for a ballet of knights; also arr. for pf
NaN,  001,  089,  030,  Musik zu einem Ritterballet,  D major,  1791,  pf,  Stage,  arr. of version for orch
NaN,  002, NaN, NaN,  Tarpeja  music for Christoph Kuffner's drama (2):, NaN,  1813,  orch,  Stage, NaN
NaN,  002a,  117,  553, 
 Triumphal March,  C major,  1813,  orch,  Stage, NaN
NaN,  002b,  117,  554, 
 Prelude to Act II,  D major,  1805?,  orch,  Stage,  now thought to be from the opening of Act II of ''Leonore''  Op. 72 (2nd version)
NaN,  003, NaN,  744,  Gratulations-Menuett,  E♭ major,  1822,  orch,  Orchestral, NaN
NaN,  004, NaN,  010,  Piano Concerto,  E-flat major,  1784,  pf orch,  Orchestral,  only pf part survives; completed by Willy Hess
NaN,  005,  010,  033,  Violin Concerto,  C major,  1790-92,  vn orch,  Orchestral,  only fragment of movt. I survives; completed by Joseph Hellmesberger Sr. (1876)
NaN,  006, NaN,  103,  Rondo,  B♭ major,  1793,  pf orch,  Orchestral,  probably original finale to Op. 19; only fragment survives  completed by Carl Czerny
NaN,  007, NaN,  088,  Minuets (12), NaN,  1795,  orch,  Orchestral,  also arr. for pf
NaN,  007,  101,  092,  Minuets (12), NaN,  1795,  pf,  Keyboard,  arr. of version for orch
NaN,  008, NaN,  089,  German Dances (12), NaN,  1795,  orch,  Orchestral,  also arr. for pf
NaN,  008,  100,  093,  German Dances (12), NaN,  1795,  pf,  Keyboard,  arr. of version for orch
NaN,  009,  026,  101,  Minuets (6), NaN,  1795,  2vn vc,  Chamber, NaN
NaN,  010, NaN, NaN,  Minuets (6), NaN,  1795,  orch,  Orchestral,  version lost; also arr. for pf
NaN,  010, NaN,  102,  Minuets (6), NaN,  1795,  pf,  Keyboard,  arr. of version for orch
NaN,  011, NaN, NaN,  Ländler (7), NaN,  1799,  orch,  Orchestral,  version lost; also arr. for pf
NaN,  011,  027,  163,  Ländler (7), NaN,  1799,  pf,  Keyboard,  arr. of version for orch
NaN,  012,  002, NaN,  Minuets(12), NaN,  1799,  orch,  Orchestral,  spurious; written by Beethoven's brother Karl. Have been digitized.
NaN,  013, NaN, NaN,  German Dances (12), NaN,  1792-97,  orch,  Orchestral,  version lost; also arr. for pf
NaN,  013,  005,  218,  German Dances (12), NaN,  1792-97,  pf,  Keyboard,  arr. of version for orch
NaN,  014, NaN,  295,  Contredanses (12), NaN,  1791-1802,  orch,  Orchestral,  Nos. 1  2  4  5  7  8  9  10 and 12 arr. for pf as Hess 102
NaN,  015, NaN,  324,  Ländler (6),  D major,  1802,  2vn vc,  Chamber,  also arr. for pf
NaN,  015, NaN,  325,  Ländler (6),  D major,  1802,  pf,  Keyboard,  arr. of version for orch
NaN,  016, NaN, NaN,  Ecossaises(12), NaN, NaN,  orch,  Orchestral,  spurious
NaN,  017,  020,  710,  Mödlinger Tänze (11), NaN,  1819,  2cl 2hn 2vn db,  Chamber,  probably spurious
NaN,  018, NaN,  519/1,  March ('Marsch für die bohmische Landwehr') ('Yorckscher Marsch'),  F major,  1809-10,  ww br perc,  Orchestral,  1st version  without trio or 'Turkish' orchestration; also arr. for pf
NaN,  018,  006,  501,  March ('Marsch für die bohmische Landwehr') ('Yorckscher Marsch'),  F major,  1809-10,  ww br perc,  Orchestral,  2nd version  without trio  but with 'Turkish' orchestration
NaN,  018,  099,  504,  March ('Marsch für die bohmische Landwehr') ('Yorckscher Marsch'),  F major,  1809-10,  pf,  Keyboard,  arr. of 1st version
NaN,  018,  007,  780,  March ('Marsch für die bohmische Landwehr') ('Yorckscher Marsch'),  F major,  1822 ca.,  ww br perc,  Orchestral,  3rd version  with trio and 'Turkish' orchestration
NaN,  019, NaN,  519/2,  March,  F major,  1809-10,  ww br perc,  Orchestral,  1st version  without trio or 'Turkish' orchestration; also arr. for pf
NaN,  019,  008,  517,  March,  F major,  1810,  ww br perc,  Orchestral,  2nd version  without trio  but with 'Turkish' orchestration
NaN,  019,  009,  781,  March,  F major,  1822 ca.,  ww br perc,  Orchestral,  3rd version  with trio and 'Turkish' orchestration
NaN,  020, NaN,  525,  March ('Zapfenstreich') ('The Tattoo'),  C major,  1809,  ww br perc,  Orchestral,  1st version  without trio
NaN,  020, NaN,  525,  March ('Zapfenstreich') ('The Tattoo'),  C major,  1822 ca.,  ww br perc,  Orchestral,  2nd version  with trio
NaN,  021, NaN,  520,  Polonaise,  D major,  1810,  ww br perc,  Orchestral, NaN
NaN,  022, NaN,  521,  Ecossaise,  D major,  1809-10,  ww br perc,  Orchestral, NaN
NaN,  023, NaN,  532,  Ecossaise,  G major,  1810,  ww br perc,  Orchestral,  lost; only know in arr. for pf by Carl Czerny
NaN,  024, NaN,  653,  March,  D major,  1816,  ww br perc,  Orchestral, NaN
NaN,  025, NaN,  040,  Rondino,  E♭ major,  1792-93,  2ob 2cl 2bn 2hn,  Chamber,  originally intended as finale to Op. 103
NaN,  026,  017,  032,  Duo for 2 flutes,  G major,  1792,  2fl,  Chamber, NaN
NaN,  027, NaN,  039,  Duets (3), NaN,  1792-1810,  cl bn,  Chamber,  Beethoven's authorship doubtful; also arr. for vn vc
NaN,  027, NaN,  039,  Duets (3), NaN,  1792-1810,  vn vc,  Chamber,  Beethoven's authorship doubtful; arr. from version for cl bn
NaN,  028,  018, NaN,  Variations on 'Là ci darem la mano'  WoO 28 (8),  C major,  1795,  2ob eh,  Chamber,  theme from Don Giovanni  K.527  by Wolfgang Amadeus Mozart
NaN,  029, NaN,  0440,  March for Wind Sextet in B-flat major('Grenadiermarsch'),  B♭ major,  1797-98,  2cl 2bn 2hn,  Chanber,  music re-used in Hess 107; also arr. for pf
NaN,  029,  087, NaN,  March for Wind Sextet in B-flat major('Grenadiermarsch'),  B♭ major,  1797-98,  pf,  Keyboard,  arr. of version for wind sextet
NaN,  030, NaN,  548,  Equali (3), NaN,  1812,  4tbn,  Chamber,  also arr. for mch
NaN,  030, NaN, NaN,  Equali (3), NaN,  1812,  mch,  Chamber,  arr. from version for 4tbn; Beethoven's authorship uncertain
NaN,  031, NaN,  006,  Fugue,  D major,  1783,  org,  Keyboard, NaN
NaN,  032,  022-24,  161,  Duet mit zwei obligaten Augengläsern ('Duet with 2 obbligato eyeglasses'),  E♭ major,  1796-97,  va vc,  Chamber,  movt. II incomplete
NaN,  033,  103-106,  197-200,  Pieces for Musical Clock (or for flute) (5), NaN,  1794-1800,  mech/fl,  Chamber, NaN
NaN,  033b,  106-107, NaN,  Pieces (2), NaN,  1795 ca., NaN, NaN, NaN
NaN,  034,  042,  740,  Duet,  A major,  1822,  2vn,  Chamber, NaN
NaN,  035,  273,  809,  Canon,  A major,  1825,  2vn/2vc,  Chamber, NaN
NaN,  036, NaN,  012,  Piano Quartets(3):, NaN,  1785,  vn va vc pf,  Chamber, NaN
NaN,  036/1, NaN,  012/1, 
 Piano Quartet No.1 in E-flat major,  E♭ major,  1785,  vn va vc pf,  Chamber,  one theme also used in Hess 298
NaN,  036/2, NaN,  012/2, 
 Piano Quartet No.2 in D major,  D major,  1785,  vn va vc pf,  Chamber, NaN
NaN,  036/3, NaN,  012/3, 
 Piano Quartet No.3 in C major,  C major,  1785,  vn va vc pf,  Chamber,  some music re-used in Op.2/1 and Op. 2/3
NaN,  037, NaN,  019,  Trio,  G major,  1786-90,  fl bn pf,  Chamber, NaN
NaN,  038, NaN,  031,  Piano Trio in E-flat major,  E♭ major,  1785-91,  vn vc pf,  Chamber, NaN
NaN,  039, NaN,  542,  Allegretto,  B♭ major,  1812,  vn vc pf,  Chamber, NaN
NaN,  040, NaN,  046,  Variations on 'Se vuol ballare' (12),  F major,  1792-93,  vn pf,  Chamber,  theme from the opera [[Le nozze di Figaro  K.492 (Mozart  Wolfgang Amadeus  {{{4}}})|Le nozze di Figaro]]  K.492  by [[:Category:Mozart  Wolfgang Amadeus  {{{4}}}|{{{4}}} Mozart  Wolfgang Amadeus]]
NaN,  041, NaN,  057,  Rondo,  G major,  1793-94,  vn pf,  Chamber, NaN
NaN,  042, NaN,  112,  German Dances (6), NaN,  1796,  vn pf,  Chamber, NaN
NaN,  043a, NaN,  121,  Sonatina,  C minor,  1796,  mand hpd,  Chamber, NaN
NaN,  043b, NaN,  122,  Adagio,  E♭ major,  1796,  mand hpd,  Chamber,  1st version
NaN,  043b,  044,  123,  Adagio,  E♭ major, NaN,  mand hpd,  Chamber,  2nd version
NaN,  044a,  043,  124,  Sonatina,  C major,  1796,  mand hpd,  Chamber, NaN
NaN,  044b,  045,  125,  Andante con Variazioni,  D major,  1796,  mand hpd,  Chamber, NaN
NaN,  045, NaN,  126,  Variations on 'See the conqu'ring hero comes' (12),  G major,  1796,  vc pf,  Chamber,  theme from the oratorio Judas Maccabaeus  HWV 63  by George Frideric Handel
NaN,  046, NaN,  300,  Variations on 'Bei Männern  welche Liebe fühlen' (7),  E♭ major,  1801,  vc pf,  Chamber,  theme from the opera Die Zauberflöte  K.620  by Wolfgang Amadeus Mozart
NaN,  047, NaN,  2,  Piano Sonatas ('Electoral') ('Kurfürstensonate'):, NaN,  1783,  pf,  Keyboard, NaN
NaN,  047/1, NaN,  002/1, 
 Piano Sonata,  E♭ major,  1783,  pf,  Keyboard, NaN
NaN,  047/2, NaN,  002/2, 
 Piano Sonata,  F minor,  1783,  pf,  Keyboard, NaN
NaN,  047/3, NaN,  002/3, 
 Piano Sonata,  D major,  1783,  pf,  Keyboard, NaN
NaN,  048,  051,  004,  Rondo,  C major,  1783,  pf,  Keyboard, NaN
NaN,  049, NaN,  005,  Rondo,  A major,  1783,  pf,  Keyboard, NaN
NaN,  050,  053,  021,  Piano Sonata,  F major,  1790-92,  pf,  Keyboard,  2 movts. only
NaN,  051, NaN,  036,  Piano Sonata,  C major,  1791-98,  pf,  Keyboard,  partially lost; completion by Ferdinand Ries
NaN,  052, NaN,  139,  Bagatelle,  C minor,  1795-1822,  pf,  Keyboard,  originally intended for Op.10
NaN,  053, NaN,  158,  Allegretto,  C minor,  1796-97,  pf,  Keyboard,  originally intended for Op. 10; 1st version
NaN,  053,  066,  159,  Allegretto,  C minor,  1796-97 ?,  pf,  Keyboard,  2nd version
NaN,  054, NaN,  026,  Bagatelle ('Lustig-traurig'),  C major-C minor,  1802,  pf,  Keyboard, NaN
NaN,  055, NaN,  374,  Prelude,  F minor,  1803,  pf,  Keyboard, NaN
NaN,  056, NaN,  408,  Bagatelle,  C major,  1803-22,  pf,  Keyboard, NaN
NaN,  057, NaN,  409,  Andante favori,  F major,  1803-04,  pf,  Keyboard,  originally intended as movt. II of Op. 53; see also Hess Anh. 10
NaN,  058, NaN,  424,  Cadenzas (2),  D minor,  1809,  pf,  Keyboard,  for movts. I and III of Piano Concerto No.20 in D minor  K.466  by Wolfgang Amadeus Mozart
NaN,  059, NaN,  515,  Für Elise (Bagatelle),  A minor,  1808-10,  pf,  Keyboard, NaN
NaN,  060, NaN,  690,  Bagatelle in B-flat major ('Zeimlich lebhaft') ('A little lively'),  B♭ major,  1818,  pf,  Keyboard, NaN
NaN,  061,  062,  736,  Allegretto,  B minor,  1821,  pf,  Keyboard, NaN
NaN,  061a,  056,  825,  Bagatelle (Allegretto quasi Andante),  G minor,  1825,  pf,  Keyboard, NaN
NaN,  062,  041,  846,  String Quintet ('"Letzter musikalischer Gedanke') '('Last Musical Thought'),  C major,  1826,  2vn va vc,  Chamber,  sketches only; arr. for pf and completed by Anton Diabelli
NaN,  063, NaN,  001,  Variations on a March by Dressler (9),  C minor,  1782,  pf,  Chamber,  based on a march by Ernst Christoph Dressler
NaN,  064, NaN,  025,  Variations on a Swiss song(6),  F major,  1790-92,  pf/hp,  Keyboard/ Chamber, NaN
NaN,  065,  055,  299,  Variations on 'Venni Amore' (24),  D major,  1790-91,  pf,  Keyboard,  theme by Vincenzo Righini
NaN,  066, NaN,  037,  Variations on 'Es war einmal ein alter Mann'(13),  A major,  1792,  pf,  Keyboard,  theme from the opera Das rote Käppchen by Carl Ditters von Dittersdorf
NaN,  067, NaN,  035,  Variations on a Theme by Count Waldstein (8),  C major,  1792,  pf4h,  Keyboard, NaN
NaN,  068, NaN,  094,  Variations on 'Menuet a la Vigano' (12),  C major,  1795,  pf,  Keyboard,  theme from the ballet ''La nozza disturbate'' by Jakob Haibel
NaN,  069, NaN,  090,  Variations on 'Quant'e piu bello' (9),  A major,  1795,  pf,  Keyboard,  theme from the opera L'amor contrastato  R 1.76  by Giovanni Paisiello
NaN,  070, NaN,  091,  Variations on 'Nel cor piu non mi sento' (6),  G major,  1795,  pf,  Keyboard,  theme from the opera L'amor contrastato  R 1.76  by Giovanni Paisiello
NaN,  071, NaN,  107,  Variations on the Russian Dance from 'Das Waldmädchen' (12),  A major,  1796-97,  pf,  Keyboard,  theme from the ballet ''Das Waldmádchen'' by Paul Wranitzky
NaN,  072, NaN,  138,  Variations on 'Une fièvre brûlante' (8),  C major,  1795-98,  pf,  Keyboard,  theme from the opera Richard Cœur-de-Lion by André Ernest Modeste Grétry
NaN,  073, NaN,  175,  Variations on 'La stessa  la stessissima' (10),  B♭ major,  1799,  pf,  Keyboard,  theme from the opera Falstaff by Antonio Salieri
NaN,  074, NaN,  177 / 418,  Variations for Piano Four-Hands on 'Ich denke dein' (6),  D major,  1799-1803,  pf4h (+ v),  Keyboard / Vocal,  theme includes vocal part
NaN,  075, NaN,  181,  Variations on 'Kind  willst du ruhig schlafen' (7),  F major,  1792-99,  pf,  Keyboard,  theme from the opera Das unterbrochene Opferfest by Peter von Winter
NaN,  076, NaN,  179,  Variations on 'Tändeln und Scherzen' (8),  F major,  1799,  pf,  Keyboard,  theme from the opera ''Soliman oder die drei Sultaninnen'' by Franz Xaver Süssmayr
NaN,  077, NaN,  209,  Variations in G major(6) ('Six Easy Variations on an Original Theme'),  G major,  1800,  pf,  Keyboard, NaN
NaN,  078, NaN,  368,  Variations on 'God Save the King' (7),  C major,  1802-03,  pf,  Keyboard,  theme of the British national anthem God Save the King
NaN,  079, NaN,  369,  Variations on 'Rule Britannia' (5),  D major,  1803,  pf,  Keyboard,  theme of Rule Britannia by  Thomas Augustine Arne
NaN,  080, NaN,  430,  Variations (32),  C minor,  1806,  pf,  Keyboard, NaN
NaN,  081, NaN,  266,  Allemande,  A major,  1793-1822,  pf,  Keyboard, NaN
NaN,  082, NaN,  373,  Minuet,  E♭ major,  1803,  pf,  Keyboard, NaN
NaN,  083, NaN,  437,  Ecossaises (6),  E♭ major,  1806,  pf,  Keyboard, NaN
NaN,  084, NaN,  793,  Waltz,  E♭ major,  1824,  pf,  Keyboard, NaN
NaN,  085, NaN,  828,  Waltz,  D major,  1825,  pf,  Keyboard, NaN
NaN,  086, NaN,  829,  Ecossaise,  E♭ major,  1825,  pf,  Keyboard, NaN
NaN,  087, NaN,  017,  Cantata on the Death of Emperor Joseph II (Trauerkantate auf den Tod Joseph II),  C minor,  1790,  sop bass ch orch,  Vocal, NaN
NaN,  088, NaN,  018,  Cantata on the Accession of Emperor Leopold II (Kantate auf die Erhebung Leopold II zur Kaiserwürde),  A♭ major-D major,  1790,  sop ten bass ch orch,  Vocal, NaN
NaN,  089, NaN,  028/1,  Prüfung des Küssens ("Meine weise Mutter spricht"),  F major,  1790-92,  bass orch,  Vocal, NaN
NaN,  090, NaN,  028/2,  Mit Mädeln sich vertragen,  D major,  1790-92,  bass orch,  Vocal, NaN
NaN,  091, NaN,  119,  Die schöne Schusterin  arias for Umlau's Singspiel (2):, NaN,  1795,  sop orch,  Stage,  for the Singspiel Singspiel ''Die schöne Schusterin  oder Die pücefarbenen Schuhe'' byIgnaz Umlauf
NaN,  091/1, NaN,  119/1, 
 O welch ein Leben! ein ganzes Meer,  F major,  1795,  sop orch,  Stage,  theme re-used in Op. 52/4
NaN,  091/2, NaN,  119/2, 
 Soll ein Schuh nicht drücken,  B♭ major,  1795,  sop orch,  Stage, NaN
NaN,  092, NaN,  214,  Primo amore piacer del ciel  scene and aria,  A major,  1791-92,  sop orch,  Vocal, NaN
NaN,  092a,  119,  304,  No  non turbarti  scene and aria, NaN,  1802,  sop str,  Vocal, NaN
NaN,  093,  120,  352,  Ne' giorni tuoi felici  duet, NaN,  1802,  sop ten orch,  Vocal, NaN
NaN,  094, NaN,  568,  Germania,  B♭ major,  1814,  vv ch orch,  Stage,  finale for the Singspield ''Die gute Nachricht'' by Georg Friedrich Treitschke
NaN,  095, NaN,  583,  Chorus for the Allied Princes (Chor auf die verbündeten Fürsten) ("Ihr weisen Gründer"),  A major,  1814,  ch orch,  Vocal, NaN
NaN,  096, NaN,  595,  Leonore Prohaska  incidental music, NaN,  1815,  nar sop mch orch,  Stage,  for the drama of the same name by Johann Friedrich Leopold Duncker; the funeral march (No. 4) is arr. for orch of movt. III from Op. 26
NaN,  097, NaN,  598,  Es ist vollbracht  chorus,  D major,  1815,  bass ch orch,  Stage,  finale for the Singspiel ''Die Ehrempforten'' by Georg Friedrich Treitschke
NaN,  098,  118,  742,  Wo sich die Pulse  chorus,  B♭ major,  1822,  sop ch orch,  Stage,  part of Op. 114
NaN,  099, NaN, NaN,  Italian Partsongs, NaN, NaN, NaN, NaN, NaN
NaN,  099/1,  211,  058, 
 Bei labbri  che Amore,  B♭ major,  1801-03,  2vv,  Vocal, NaN
NaN,  099/2,  214,  202, 
 Chi mai di questo core,  C major,  1801-03,  3vv,  Vocal, NaN
NaN,  099/3a, NaN,  142, 
 Fra tutte le pene, NaN,  1796-97,  2vv,  Vocal,  1st setting  1st version
NaN,  099/3a,  208,  143, 
 Fra tutte le pene, NaN,  1801-03,  2vv,  Vocal,  1st setting  2nd version
NaN,  099/3b,  225,  144, 
 Fra tutte le pene, NaN,  1801-03,  2vv,  Vocal,  2nd setting  1st version
NaN,  099/3b,  209,  145, 
 Fra tutte le pene, NaN,  1801-03,  2vv,  Vocal,  2nd setting  2nd version
NaN,  099/3c,  224,  146, 
 Fra tutte le pene, NaN,  1801-03,  2vv,  Vocal,  3rd setting  1st version
NaN,  099/3c,  210,  147, 
 Fra tutte le pene, NaN,  1801-03,  2vv,  Vocal,  3rd setting  2nd version
NaN,  099/4a,  222,  341, 
 Già la notte s'avvicina, NaN,  1801-03,  4vv,  Vocal,  1st setting
NaN,  099/4b,  223,  342, 
 Già la notte s'avvicina, NaN,  1801-03,  3vv,  Vocal,  2nd setting
NaN, NaN,  230,  215, 
 Giura il nocchier,  C major,  1792-94,  4vv,  Vocal,  1st setting  1st version
NaN,  099/5a,  221,  336, 
 Giura il nocchier,  C major,  1801-03,  4vv,  Vocal,  1st setting  2nd version
NaN,  099/5b,  227,  059, 
 Giura il nocchier,  C major,  1801-03,  3vv,  Vocal,  2nd setting
NaN,  099/6,  212,  060, 
 Ma tu tremi  o mio tesoro,  G major,  1801-03,  3vv,  Vocal, NaN
NaN,  099/7a,  217,  109, 
 Nei campi e nelle selve,  C major,  1801-03,  4vv,  Vocal,  1st setting
NaN,  099/7b,  220,  110, 
 Nei campi e nelle selve,  C major,  1801-03,  4vv,  Vocal,  2nd setting
NaN,  099/8, NaN,  084, 
 O care selve,  G major,  1794-95,  v uch,  Vocal,  also published separately as WoO 119
NaN,  099/9,  216,  127, 
 Per te d'amico aprile,  E♭ major,  1801-03,  3vv,  Vocal, NaN
NaN,  099/10a,  213,  149, 
 Quella cetra ah pur tu sei,  A major,  1801-03,  3vv,  Vocal,  1st setting
NaN,  099/10b,  218,  148, 
 Quella cetra ah pur tu sei,  A major,  1801-03,  3vv,  Vocal,  2nd setting
NaN,  099/10c,  219,  150, 
 Quella cetra ah pur tu sei,  A major,  1801-03,  3vv,  Vocal,  3rd setting
NaN,  099/11,  215,  128, 
 Scrivo in te,  D major,  1801-03,  3vv,  Vocal, NaN
NaN,  099/12,  226,  335, 
 Silvio  amante disperato, NaN,  1801-02,  4vv,  Vocal, NaN
NaN,  100,  278,  303,  Lob auf den Dicken ("Schuppanzigh ist ein Lump")  musical joke,  G major,  1801,  ten 2bass ch,  Vocal, NaN
NaN,  101,  279,  331,  Graf  liebster Graf  liebstes Schaf  musical joke,  E♭ major,  1802,  3vv,  Vocal, NaN
NaN,  102, NaN,  573,  Abschiedsgesang ("Die Stunde schlägt") ('Song of Farewell'),  B♭ major,  1814,  ten 2bass,  Vocal, NaN
NaN,  103,  127,  574,  Un lieto brindisi('Cantata campestre') ("Johannisfeier begehn wir heute"),  B♭ major,  1814,  4vv pf,  Vocal, NaN
NaN,  104, NaN,  673,  Gesang der Mönche ("Rasch tritt der Tod den Menchen an") (Song of the Monks),  C minor,  1817,  2ten bass,  Vocal,  for the play ''William Tell'' by Friedrich Schiller
NaN,  105,  124,  696,  Hochzeitslied("Auf Freunde  singt dem Gott der ehen!"),  A major,  1819,  bass ch pf,  Vocal,  1st version
NaN,  105,  125,  696,  Hochzeitslied("Auf Freunde  singt dem Gott der ehen!"),  C major,  1819,  uch pf,  Vocal,  2nd version
NaN,  106, NaN,  772,  Lobkowitz-Cantate,  E♭ major,  1823,  sop ch pf,  Vocal, NaN
NaN,  107, NaN,  007,  Schilderung eines Mädchens("Schildern  willst du Freund  soll ich dir Elisen?"),  G major,  1782,  v pf,  Vocal, NaN
NaN,  108, NaN,  009,  An einen Säugling ("Noch weisst du nicht  wes Kind du bist"),  A major,  1783,  v pf,  Vocal, NaN
NaN,  109, NaN,  013,   Trinklied (beim Abschied zu singen) ("Erhebt das Glas mit froher Hand"),  C major,  1791-92,  v pf,  Vocal, NaN
NaN,  110, NaN,  014,  Elegie auf den Tod eines Pudels ("Stirb immerhin  es welken ja so viele der Freuden"),  F minor,  1790,  v pf,  Vocal, NaN
NaN,  111,  126,  022,  Punschlied("Wer nicht  wenn warm von Hand zu Hand"),  G major,  1791-92,  v pf,  Vocal, NaN
NaN,  112,  128,  27,  An Laura("Freud' umblühe dich auf allen Wegen"),  G major,  1792,  v pf,  Vocal, NaN
NaN,  113, NaN,  023,  Klage,  E major,  1790,  v pf,  Vocal, NaN
NaN,  114, NaN,  038,  Ein Selbstgespräch ("Ich  der mit flatternden Sinn"),  E major,  1793,  v pf,  Vocal, NaN
NaN,  115, NaN,  045,  An Minna("Nur bei dir  an deinem Herzen"),  D major,  1792,  v pf,  Vocal, NaN
NaN,  116a,  129,  044,  Que le temps me dure,  C minor,  1793,  v pf,  Vocal,  1st version  incomplete
NaN,  116b,  130,  044,  Que le temps me dure,  C major,  1793,  v pf,  Vocal,  2nd version  incomplete
NaN,  117, NaN,  077,  Der freie Mann ("Wer ist ein freier Mann?"),  C major,  1792-94,  uch,  Vocal, NaN
NaN,  118, NaN,  079,  Seufzer eines Ungeliebten und Gegenliebe ("Hast du nicht Liebe zugernessen"),  C minor,  1794-95,  v pf,  Vocal,  theme later used in Op.80
NaN,  119, NaN,  084,  O care selve,  G major,  1794-95,  v pf,  Vocal,  also published as WoO 99/8
NaN,  120, NaN,  078,  Man strebt  die Flamme zu verhehlen,  F major,  1800-02,  v pf,  Vocal, NaN
NaN,  121, NaN,  108,  Abschiedsgesang an Wiens Bürger("Keine Klage soll erschallen"),  G major,  1796,  v pf,  Vocal, NaN
NaN,  122, NaN,  132,  Kriegslied der Österreicher ("Ein grosses deutches Volk sind wir"),  C major,  1797,  v uch pf,  Vocal, NaN
NaN,  123, NaN,  287,  Zärtliche Liebe ("Ich liebe dich  so wie du mich"),  G major,  1795,  v pf,  Vocal, NaN
NaN,  124, NaN,  164,  La Partenza (Der Abschied) ("Ecco quel fiero istante!"),  A major,  1795,  v pf,  Vocal, NaN
NaN,  125,  135,  125,  La tiranna("Ah grief to think"),  E♭ major,  1798-99,  v pf,  Vocal, NaN
NaN,  126, NaN,  173,  Opferlied("Die Flamme lodert"),  E major,  1794-95,  v pf,  Vocal,  1st version of Op. 121b  Hess 91  Hess 145
NaN,  127,  136,  186,  Neue Liebe  neues Leben ("Herz  mein Herz  was soll das geben?"),  C major,  1798-99,  v pf,  Vocal,  1st setting of Op. 75/2
NaN,  128,  131,  201,  Plaisir d'aimer" ("Plaisir d'aimer besoin d'une âme tendre"),  G major,  1798-99,  v pf,  Vocal, NaN
NaN,  129, NaN,  378,  Der Wachtelschlag ("Ach  wie schalt's dorten so lieblich hervor"),  F major,  1803,  v pf,  Vocal, NaN
NaN,  130, NaN,  416,  Gedenke mein! ("Gedenke mein  ich denke dein"),  E♭ major,  1804-20,  v pf,  Vocal, NaN
NaN,  131,  148,  526,  Erlkönig("Wer reitet so spat durch Nacht und Wind?"),  D minor,  1794-96,  v pf (?),  Vocal,  unfinished sketch for song
NaN,  132, NaN,  428,  Als die Geliebte sich trennen wollte("Der Hoffnung letzter Schimmer sinkt dahin") ('Empfindungen bei Lydiens Untreue'),  E♭ major,  1806,  v pf,  Vocal, NaN
NaN,  133, NaN,  442,  In questa tomba oscura  arietta,  A♭ major,  1806-07,  v pf,  Vocal, NaN
NaN,  134/1, NaN,  446/1,  Sehnsucht,  G minor,  1807-08,  v pf,  Vocal,  1st setting
NaN,  134/2, NaN,  446/2,  Sehnsucht,  G minor,  1807-08,  v pf,  Vocal,  2nd setting
NaN,  134/3, NaN,  446/3,  Sehnsucht,  E♭ major,  1807-08,  v pf,  Vocal,  3rd setting
NaN,  134/4, NaN,  446/4,  Sehnsucht,  G minor,  1807-08,  v pf,  Vocal,  4th setting
NaN,  135, NaN,  503,  Die laute Klage ("Turteltaube  du klagtest so laut"),  C minor,  1814-15,  v pf,  Vocal, NaN
NaN,  136, NaN,  496,  Andenken ("Ich denke dein"),  D major,  1808,  v pf,  Vocal, NaN
NaN,  137, NaN,  498,  Lied aus der Ferne ("Als mir noch die Träne"),  B♭ major,  1809,  v pf,  Vocal, NaN
NaN,  138, NaN,  497,  Der Jüngling in der Fremde ("Der Früling entblühet dem Schoß der Natur"),  B♭ major,  1809,  v pf,  Vocal, NaN
NaN,  139, NaN,  500,  Der Liebende ("Welch ein wunderbares Leben"),  D major,  1809,  v pf,  Vocal, NaN
NaN,  140/1, NaN,  540/1,  An die Geliebte ("O daß ich dir vom stillen Auge"),  D major,  1811,  v pf,  Vocal,  1st setting
NaN,  140/2, NaN,  540/2,  An die Geliebte ("O daß ich dir vom stillen Auge"),  D major,  1814,  v pf,  Vocal,  2nd setting
NaN,  141, NaN,  555,  Der Gesang der Nachtigall ("Höre  die Nachtigall singt""),  C major,  1813,  v pf,  Vocal, NaN
NaN,  142, NaN,  558,  Der Bardengeist ("Dort auf dem hohen Felsen sang"),  E minor,  1813,  v pf,  Vocal, NaN
NaN,  143, NaN,  589,  Des Kriegers Abschied ("Ich zieh' ins Feld von Lieb'entbrannt"),  E♭ major,  1814,  v pf,  Vocal, NaN
NaN,  144, NaN,  587,  Merkenstein,  E♭ major,  1814,  v pf,  Vocal,  1st setting of Op.100
NaN,  145, NaN,  642,  Das Geheimnis ("Wo blüht das Blümchen  das nie verblüht?"),  G major,  1815,  v pf,  Vocal, NaN
NaN,  146, NaN,  648,  Sehnsucht ("Die stille Nacht umdunkelt"),  E major,  1816,  v pf,  Vocal, NaN
NaN,  147, NaN,  658,  Ruf vom Berge ("Wenn ich ein Vöglein wär"),  A major,  1816,  v pf,  Vocal, NaN
NaN,  148, NaN,  670,  So oder So ("Nord oder Süd!"),  F major,  1817,  v pf,  Vocal, NaN
NaN,  149, NaN,  679,  Resignation ("Lisch aus  mein Licht!"),  D major,  1817,  v pf,  Vocal, NaN
NaN,  150, NaN,  722,  Abendlied unter'm gestirnten Himmel ("Wenn die Sonne nieder sinket"),  E major,  1820,  v pf,  Vocal, NaN
NaN,  151,  132,  768,  Der edle Mensch sei hilfreich und gut,  G major,  1823,  v pf,  Vocal, NaN
NaN,  152, NaN,  561,  Irish Songs(25), NaN,  1810-12,  vv vn vc pf,  Vocal, NaN
NaN,  153, NaN,  563,  Irish Songs (20), NaN,  1810-13,  vv vn vc pf,  Vocal, NaN
NaN,  154, NaN,  565,  Irish Songs (12), NaN,  1812-13,  vv vn vc pf,  Vocal, NaN
NaN,  155, NaN,  533,  Welsh Songs (26), NaN,  1810-15,  vv vn vc pf,  Vocal, NaN
NaN,  156, NaN,  691,  Scottish Songs (12), NaN,  1815-19,  vv vn vc pf,  Vocal, NaN
NaN,  157, NaN,  612,  Songs of Various Nationalities (12), NaN,  1815-20,  vv (ch) vn vc pf,  Vocal, NaN
NaN,  158a, NaN,  663,  Songs of Various Nationalities (23), NaN,  1816-17,  vv vn vc pf,  Vocal, NaN
NaN,  158b, NaN,  667,  British Folk Songs (7), NaN,  1810-17,  vv vn vc pf,  Vocal, NaN
NaN,  158c, NaN,  692,  Assorted Folk Songs (6), NaN,  1810-20,  vv vn vc pf,  Vocal, NaN
NaN,  158d, NaN, NaN,  Air Français,  F major, NaN,  vv vn vc pf,  Vocal, NaN
NaN,  159, NaN,  083,  Im Arm der Liebe ruht sich's wohl  canon,  F major,  1795,  3vv,  Vocal, NaN
NaN,  160a,  247,  085,  Canon,  G major,  1795,  3vv,  Vocal,  without text
NaN,  160b,  248,  086,  Canon,  G major,  1795,  4vv,  Vocal,  without text
NaN,  161, NaN,  528,  Ewig dein'  canon',  C major,  1811,  3vv,  Vocal, NaN
NaN,  162, NaN,  646,  An Mälzel("Ta ta ta  lieber Mälzel")  canon,  B♭ major, NaN,  4vv,  Vocal,  spurious; probably written by Anton Schindler
NaN,  163, NaN,  559,  Kurz ist der Schmerz  und ewig ist die Freude'  canon',  F minor,  1813,  3vv,  Vocal,  1st setting of WoO 166
NaN,  164, NaN,  579,  Freundschaft ist die Quelle wahrer Glückseligkeit  canon,  C major,  1814,  3vv,  Vocal, NaN
NaN,  165, NaN,  593,  Glück zum neuen Jahr  canon,  D major,  1815,  4vv,  Vocal,  1st setting of WoO 176
NaN,  166, NaN,  594,  Kurz ist der Schmerz  und ewig ist die Freude  canon,  F major,  1815,  3vv,  Vocal,  2nd setting of WoO 163
NaN,  167,  249,  610,  Brauchle  Linke,  C major,  1815,  3vv,  Vocal, NaN
NaN,  168a, NaN,  649,  Das Schweigen  canon,  D minor,  1816,  3vv,  Vocal, NaN
NaN,  168b, NaN,  650,  Das Reden  canon,  F major,  1816,  3vv,  Vocal, NaN
NaN,  169,  250,  647,  Ich küße Sie  drücke Sie an mein Herz  canon,  C major,  1816,  2vv,  Vocal, NaN
NaN,  170,  251,  651,  Ars longa  vita brevis  canon,  C major,  1816,  2vv,  Vocal,  1st version of WoO 192  WoO 193
NaN,  171,  252,  683,  Glück fehl' dir vor allem!  canon,  G major, NaN,  4vv,  Vocal,  spurious; now believed to have been written by Michael Haydn
NaN,  172, NaN,  695,  Ich bitt' dich  canon,  E♭ major,  1818,  3vv,  Vocal, NaN
NaN,  173,  253,  711,  Hol' euch der Teufel!,  B♭ major,  1819,  2vv,  Vocal, NaN
NaN,  174, NaN,  712,  Glaube und hoffe  canon,  B♭ major,  1819,  4vv,  Vocal, NaN
NaN,  175,  255,  715,  Sankt Petrus war ein Fels  canon, NaN,  1820,  4vv,  Vocal, NaN
NaN,  176, NaN,  716,  Glück zum neuen Jahr  canon,  F major,  1819,  3vv,  Vocal,  2nd setting of WoO 165
NaN,  177,  257,  734,  Bester Magistrat  Ihr friert  canon,  E major,  1820,  4vv 2db,  Vocal, NaN
NaN,  178, NaN,  733,  Abbé Stadler ("Signor Abate")  canon,  B♭ major,  1820,  3vv,  Vocal, NaN
NaN,  179, NaN,  717,  Alles Gute  alles Schöne! ("Seiner Kaiserlichen Hoheit")  canon,  C major,  1819,  4vv,  Vocal, NaN
NaN,  180, NaN,  724,  Hofmann und kein Hofmann ("Auf einen  welcher Hoffmann geheißen")  canon,  C major,  1820,  2vv,  Vocal, NaN
NaN,  181/1, NaN,  749,  Gedenket heute an Baden  canon,  C major,  1820,  4vv,  Vocal, NaN
NaN,  181/2,  258,  750,  Gehabt euch wohl  canon,  C major,  1820,  4vv,  Vocal, NaN
NaN,  181/3,  259,  751,  Tugend ist kein leerer Name  canon,  C major,  1820,  3vv,  Vocal, NaN
NaN,  182, NaN,  737,  O Tobias!  canon,  D minor,  1821,  3vv,  Vocal, NaN
NaN,  183, NaN,  770,  Bester Herr Graf  canon,  F major,  1823,  4vv,  Vocal, NaN
NaN,  184,  262,  773,  Falstafferel  lass dich sehen!  canon,  G major,  1823,  5vv,  Vocal, NaN
NaN,  185, NaN,  775,  Edel sei der Mensch  canon,  E major,  1823,  6vv,  Vocal,  1st version
NaN,  185, NaN,  775,  Edel sei der Mensch  canon,  E♭ major,  1823,  6vv,  Vocal,  2nd version
NaN,  186, NaN,  789,  Te solo adoro  canon,  E♭ major,  1824,  2vv,  Vocal,  1st setting of Hess 263  Hess 264
NaN,  187, NaN,  792,  Schwenke ("Schwenke dich ohne Schwänke")  canon,  D minor,  1824,  4vv,  Vocal, NaN
NaN,  188,  265,  802,  Gott ist eine feste Burg  canon,  B♭ major,  1825,  2vv,  Vocal, NaN
NaN,  189,  266,  805,  Doktor sperrt das Tor dem Tod  canon,  C major,  1825,  4vv,  Vocal, NaN
NaN,  190,  267,  807,  Ich war hier  Doktor  canon,  C major,  1825,  2vv,  Vocal, NaN
NaN,  191, NaN,  823,  Kühl  nicht lau  canon,  B♭ major,  1825,  3vv,  Vocal, NaN
NaN,  192,  268,  824,  Ars longa  vita brevis,  F major,  1825,  4vv,  Vocal,  2nd setting of WoO 170 and WoO 193
NaN,  193,  269,  833,  Ars longa  vita brevis,  C major,  1825, NaN,  Vocal,  3rd setting of WoO 170 and WoO 192
NaN,  194, NaN,  827,  Si non per portas  canon,  E♭ major,  1825,  4vv,  Vocal, NaN
NaN,  195, NaN,  831,  Freu dich des Lebens,  A minor,  1825,  2vv,  Vocal, NaN
NaN,  196,  270,  834,  Es muß sein!  canon,  F major,  1826,  4vv,  Vocal, NaN
NaN,  197,  271,  842,  Da ist das Werk  canon,  C major,  1826,  5vv,  Vocal, NaN
NaN,  198,  280,  848,  Wir irren allesamt  canon,  C major,  1826,  2vv,  Vocal, NaN
NaN,  199,  281,  585,  Ich bin der Herr von zu,  D major,  1814,  v,  Vocal, NaN
NaN,  200,  075,  688,  O Hoffnung,  G major,  1818,  pf,  Keyboard, NaN
NaN,  201,  282,  689,  Ich bin bereit,  C major,  1818,  pf,  Keyboard, NaN
NaN,  202,  283,  778,  Das Schöne zum Guten!  canon,  F major,  1823,  v,  Vocal,  1st version of WoO 203
NaN,  203,  272,  804,  Das Schöne zum Guten!  canon,  A major,  1825,  v,  Vocal,  2nd version of WoO 202
NaN,  204,  284,  826,  Holz  Holz geigt die Quartette so,  D minor,  1825,  v,  Vocal, NaN
NaN,  205,  286-295, NaN,  Musical Greetings(10), NaN,  1798-1826,  v,  Vocal,  from Beethoven's letters and conversation books
NaN,  Anh. 04, NaN, NaN,  Flute Sonata,  B♭ major,  1790-92 ?,  fl pf,  Chamber,  Beethoven's authoship uncertain
NaN,  Anh. 05, NaN, NaN,  Sonatinas (2), NaN,  1790-92 ?,  pf,  Keyboard,  probably spurious
NaN,  Anh. 10, NaN, NaN,  Variations on 'Ich hab ein kleines Hüttchen nur',  B♭ major,  1795 ?,  pf,  Keyboard,  Beethoven's authorship is doubtful
NaN,  Anh. 14, NaN, NaN,   Waltzes (6), NaN, NaN,  pf,  Keyboard,  spurious; authorship unknown
NaN, NaN,  019,  129,  Wind Quintet,  E♭ major,  1793-96,  ob bn 2hn,  Chamber,  fragment only; completion by Leopold Alexander Zellner (1862)
NaN, NaN,  029,  080,  Prelude and Fugue,  E minor,  1794-95,  2vn vc,  Chamber, NaN
NaN, NaN,  030,  080,  Prelude and Fugue,  F major,  1794-95,  2vn va vc,  Chamber, NaN
NaN, NaN,  040,  684,  String Quintet,  D minor,  1817,  2vn 2va vc,  Chamber,  part of 1 movt. only
NaN, NaN,  091, NaN,  Opferlied ("Die Flamme lodert"),  E major,  1824,  v ch pf,  Vocal,  5th version of Op. 121b  WoO 126  Hess 91  Hess 145
NaN, NaN,  145,  117,  Opferlied ("Die Flamme lodert"),  E major,  1796,  v pf,  Vocal,  2nd version of Op. 121b  WoO 126  Hess 91
NaN, NaN,  238,  080,  9 Fugues for 4 Voices, NaN,  1794-95,  4open,  Chamber, NaN
NaN, NaN,  244,  080,  Triple Fugues (2), NaN,  1794-95,  4open,  Chamber, NaN
NaN, NaN,  Anh. 10, NaN,  Andante favori,  F major, NaN,  2vn va vc,  Chamber,  arr. of WoO 57; Beethoven's authorship uncertain
NaN, NaN, NaN,  838,  Symphony No.10,  E♭ major,  1822-25, NaN,  Orchestral,  unfinished sketches only; completion by Barry Cooper (1988)
NaN, NaN, NaN, NaN,  Bagatelle in F minor,  F minor,  1826,  pf,  Keyboard,  unidentified work; Beethoven's authorshp disputed
NaN, NaN, NaN, NaN,  Hymne an die Nacht,  C major,  -,  ch pf,  Vocal,  setting of theme from Op.57; Beethoven's authorship disputed
