Op.,WoO,Hess,Biamonti,title,key,scoring,genre,name,year,minor,key_note,Unv.,major-minor,type,essential
Op. 1 No. 1,,,Biamonti 62/1, Piano Trios : Piano Trio,E flat major, vn vc pf,Chamber,"Op. 1 No. 1, Biamonti 62/1",1793.0,0.0,E flat,,major,Piano Trio,other
Op. 1 No. 2,,,Biamonti 62/2, Piano Trios : Piano Trio,G major, vn vc pf,Chamber,"Op. 1 No. 2, Biamonti 62/2",1794.0,0.0,G,,major,Piano Trio,other
Op. 1 No. 3,,,Biamonti 62/3, Piano Trios : Piano Trio,C minor, vn vc pf,Chamber,"Op. 1 No. 3, Biamonti 62/3",1794.0,1.0,C,,minor,Piano Trio,other
Op. 2 No. 1,,,Biamonti 87/1, Piano Sonatas : Piano Sonata No.1,F minor, pf,Keyboard,"Op. 2 No. 1, Biamonti 87/1",1795.0,1.0,F,,minor,Sonata for Piano,other
Op. 2 No. 2,,,Biamonti 87/2, Piano Sonatas : Piano Sonata No.2,A major, pf,Keyboard,"Op. 2 No. 2, Biamonti 87/2",1795.0,0.0,A,,major,Sonata for Piano,other
Op. 2 No. 3,,,Biamonti 87/3, Piano Sonatas : Piano Sonata No.3,C major, pf,Keyboard,"Op. 2 No. 3, Biamonti 87/3",1795.0,0.0,C,,major,Sonata for Piano,other
Op. 3,,,Biamonti 105, String Trio,E flat major, vn va vc,Chamber,"Op. 3, Biamonti 105",1794.0,0.0,E flat,,major,Trio (except Piano Trio),other
Op. 4,,,Biamonti 115, String Quintet,E flat major, 2vn 2va vc,Chamber,"Op. 4, Biamonti 115",1795.0,0.0,E flat,,major,Quintet,other
Op. 5 No. 1,,,Biamonti 106/1, Cello Sonatas :  Cello Sonata No.1,F major, vc pf,Chamber,"Op. 5 No. 1, Biamonti 106/1",1796.0,0.0,F,,major,Sonata for other instruments,other
Op. 5 No. 2,,,Biamonti 106/2, Cello Sonatas :  Cello Sonata No.2,G minor, vc pf,Chamber,"Op. 5 No. 2, Biamonti 106/2",1796.0,1.0,G,,minor,Sonata for other instruments,other
Op. 6,,,Biamonti 134, Sonata for Piano Four Hands in D major,D major, pf4h,Keyboard,"Op. 6, Biamonti 134",1797.0,0.0,D,,major,Sonata for Piano,other
Op. 7,,,Biamonti 136, Piano Sonata No.4 ('Grand Sonata'),E flat major, pf,Keyboard,"Op. 7, Biamonti 136",1797.0,0.0,E flat,,major,Sonata for Piano,other
Op. 8,,,Biamonti 135, Serenade,D major, vn va vc,Chamber,"Op. 8, Biamonti 135",1797.0,0.0,D,,major,Other,other
Op. 9 No. 2,,,Biamonti 153/2, String Trios : String Trio,D major, vn va vc,Chamber,"Op. 9 No. 2, Biamonti 153/2",1798.0,0.0,D,,major,Trio (except Piano Trio),other
Op. 9 No. 3,,,Biamonti 153/3, String Trios : String Trio,C minor, vn va vc,Chamber,"Op. 9 No. 3, Biamonti 153/3",1798.0,1.0,C,,minor,Trio (except Piano Trio),other
Op. 10 No. 1,,,Biamonti 157/1, Piano Sonatas : Piano Sonata No.5,C minor, pf,Keyboard,"Op. 10 No. 1, Biamonti 157/1",1797.0,1.0,C,,minor,Sonata for Piano,other
Op. 10 No. 2,,,Biamonti 157/2, Piano Sonatas : Piano Sonata No.6,F major, pf,Keyboard,"Op. 10 No. 2, Biamonti 157/2",1797.0,0.0,F,,major,Sonata for Piano,other
Op. 10 No. 3,,,Biamonti 157/3, Piano Sonatas : Piano Sonata No.7,D major, pf,Keyboard,"Op. 10 No. 3, Biamonti 157/3",1798.0,0.0,D,,major,Sonata for Piano,other
Op. 11,,,Biamonti 156, Trio in B-flat major ('Gassenhauer'),B flat major, cl/vn vc pf,Chamber,"Op. 11, Biamonti 156",1798.0,0.0,B flat,,major,Trio (except Piano Trio),other
Op. 12 No. 1,,,Biamonti 165/1, Violin Sonatas : Violin Sonata No.1,D major, vn pf,Chamber,"Op. 12 No. 1, Biamonti 165/1",1798.0,0.0,D,,major,Sonata for Violin,other
Op. 12 No. 2,,,Biamonti 165/2, Violin Sonatas : Violin Sonata No.2,A major, vn pf,Chamber,"Op. 12 No. 2, Biamonti 165/2",1798.0,0.0,A,,major,Sonata for Violin,other
Op. 12 No. 3,,,Biamonti 165/3, Violin Sonatas : Violin Sonata No.3,E flat major, vn pf,Chamber,"Op. 12 No. 3, Biamonti 165/3",1798.0,0.0,E flat,,major,Sonata for Violin,other
Op. 13,,,Biamonti 184, Piano Sonata No.8 ('Pathétique'),C minor, pf,Keyboard,"Op. 13, Biamonti 184",1798.0,1.0,C,,minor,Sonata for Piano,Most popular compositions
Op. 14 No. 1,,,Biamonti 285, Piano Sonatas : Piano Sonata No.9,E major, pf,Keyboard,"Op. 14 No. 1, Biamonti 285",1799.0,0.0,E,,major,Sonata for Piano,other
Op. 14 No. 2,,,Biamonti 284, Piano Sonatas : Piano Sonata No.10,G major, pf,Keyboard,"Op. 14 No. 2, Biamonti 284",1799.0,0.0,G,,major,Sonata for Piano,other
Op. 15,,,Biamonti 167, Piano Concerto No.1,C major, pf orch,Orchestral,"Op. 15, Biamonti 167",1718.0,0.0,C,,major,Concerto,other
Op. 16,,,Biamonti 130, Quintet in E-flat major,E flat major, ob cl bn hn pf,Chamber,"Op. 16, Biamonti 130",1797.0,0.0,E flat,,major,Quintet,other
Op. 16a,,,Biamonti 131, Quintet in E-flat major,E flat major, vn va vc pf,Chamber,"Op. 16a, Biamonti 131",1797.0,0.0,E flat,,major,Quintet,other
Op. 17,,,Biamonti 206, Horn Sonata,F major, hn pf,Chamber,"Op. 17, Biamonti 206",1800.0,0.0,F,,major,Sonata for other instruments,other
Op. 18 No. 1,,,Biamonti 225/1, String Quartets : String Quartet No.1,F major, 2vn va vc,Chamber,"Op. 18 No. 1, Biamonti 225/1",1718.0,0.0,F,,major,String Quartet,other
Op. 18 No. 2,,,Biamonti 225/2, String Quartets : String Quartet No.2,G major, 2vn va vc,Chamber,"Op. 18 No. 2, Biamonti 225/2",1718.0,0.0,G,,major,String Quartet,other
Op. 18 No. 3,,,Biamonti 225/3, String Quartets : String Quartet No.3,D major, 2vn va vc,Chamber,"Op. 18 No. 3, Biamonti 225/3",1718.0,0.0,D,,major,String Quartet,other
Op. 18 No. 4,,,Biamonti 225/4, String Quartets : String Quartet No.4,C minor, 2vn va vc,Chamber,"Op. 18 No. 4, Biamonti 225/4",1718.0,1.0,C,,minor,String Quartet,other
Op. 18 No. 5,,,Biamonti 225/5, String Quartets : String Quartet No.5,A major, 2vn va vc,Chamber,"Op. 18 No. 5, Biamonti 225/5",1718.0,0.0,A,,major,String Quartet,other
Op. 18 No. 6,,,Biamonti 225/6, String Quartets : String Quartet No.6,B flat major, 2vn va vc,Chamber,"Op. 18 No. 6, Biamonti 225/6",1718.0,0.0,B flat,,major,String Quartet,Most popular compositions
Op. 19,,,Biamonti 166, Piano Concerto No.2,B flat major, pf orch,Orchestral,"Op. 19, Biamonti 166",1718.0,0.0,B flat,,major,Concerto,other
Op. 20,,,Biamonti 204, Septet,E flat major, cl bn hn vn va vc db,Chamber,"Op. 20, Biamonti 204",1799.0,0.0,E flat,,major,"Sextet, Septet or Octet",other
Op. 21,,,Biamonti 203, Symphony No.1,C major, orch,Orchestral,"Op. 21, Biamonti 203",1718.0,0.0,C,,major,Symphony,other
Op. 22,,,Biamonti 208, Piano Sonata No.11,B flat major, pf,Keyboard,"Op. 22, Biamonti 208",1800.0,0.0,B flat,,major,Sonata for Piano,other
Op. 23,,,Biamonti 293, Violin Sonata No.4,A minor, vn pf,Chamber,"Op. 23, Biamonti 293",1801.0,1.0,A,,minor,Sonata for Violin,Most popular compositions
Op. 24,,,Biamonti 294, Violin Sonata No.5,F major, vn pf,Chamber,"Op. 24, Biamonti 294",1801.0,0.0,F,,major,Sonata for Violin,Most popular compositions
Op. 25,,,Biamonti 114, Serenade,D major, For flute  violin  viola,Chamber,"Op. 25, Biamonti 114",1801.0,0.0,D,,major,Other,other
Op. 26,,,Biamonti 296, Piano Sonata No.12 ('Funeral March'),A flat major, pf,Keyboard,"Op. 26, Biamonti 296",1801.0,0.0,A flat,,major,Sonata for Piano,other
Op. 27 No. 1,,,Biamonti 297/1, Piano Sonatas : Piano Sonata No.13 ('Quasi una fantasia'),E flat major, pf,Keyboard,"Op. 27 No. 1, Biamonti 297/1",1801.0,0.0,E flat,,major,Sonata for Piano,other
Op. 27 No. 2,,,Biamonti 297/2, Piano Sonatas : Piano Sonata No.14 ('Moonlight'),C sharp minor, pf,Keyboard,"Op. 27 No. 2, Biamonti 297/2",1801.0,1.0,C sharp,,minor,Sonata for Piano,Most popular compositions
Op. 28,,,Biamonti 302, Piano Sonata No.15 ('Pastoral'),D major, pf,Keyboard,"Op. 28, Biamonti 302",1801.0,0.0,D,,major,Sonata for Piano,Most popular compositions
Op. 29,,,Biamonti 298, String Quintet in C major ('Storm'),C major, 2vn 2va vc,Chamber,"Op. 29, Biamonti 298",1801.0,0.0,C,,major,Quintet,other
Op. 30 No. 1,,,Biamonti 340/1, Violin Sonatas : Violin Sonata No.6,A major, vn pf,Chamber,"Op. 30 No. 1, Biamonti 340/1",1802.0,0.0,A,,major,Sonata for Violin,other
Op. 30 No. 2,,,Biamonti 340/2, Violin Sonatas : Violin Sonata No.7 ('Eroica'),C minor, vn pf,Chamber,"Op. 30 No. 2, Biamonti 340/2",1802.0,1.0,C,,minor,Sonata for Violin,Most popular compositions
Op. 30 No. 3,,,Biamonti 340/3, Violin Sonatas : Violin Sonata No.8,G major, vn pf,Chamber,"Op. 30 No. 3, Biamonti 340/3",1802.0,0.0,G,,major,Sonata for Violin,Most popular compositions
Op. 31 No. 1,,,Biamonti 339/1, Piano Sonatas : Piano Sonata No.16,G major, pf,Keyboard,"Op. 31 No. 1, Biamonti 339/1",1802.0,0.0,G,,major,Sonata for Piano,other
Op. 31 No. 2,,,Biamonti 339/3, Piano Sonatas : Piano Sonata No.17 ('Tempest'),D minor, pf,Keyboard,"Op. 31 No. 2, Biamonti 339/3",1802.0,1.0,D,,minor,Sonata for Piano,other
Op. 31 No. 3,,,Biamonti 339/2, Piano Sonatas : Piano Sonata No.18 ('Hunt'),E flat major, pf,Keyboard,"Op. 31 No. 3, Biamonti 339/2",1802.0,0.0,E flat,,major,Sonata for Piano,Most popular compositions
Op. 32,,,Biamonti 421," An die Hoffnung (""Die du so gern in heilgen Nächten feierst"")",unknown, v pf,Vocal,"Op. 32, Biamonti 421",1805.0,,unknown,,unknown key,Song,other
Op. 33,,,Biamonti 334, Bagatelles (7),unknown, pf,Keyboard,"Op. 33, Biamonti 334",1802.0,,unknown,,unknown key,Bagatelle,other
Op. 34,,,Biamonti 327, Variations (6),F major, pf,Keyboard,"Op. 34, Biamonti 327",1802.0,0.0,F,,major,Piano variations,other
Op. 35,,,Biamonti 328, Variations and Fugue ('Eroica Variations'),E flat major, pf,Keyboard,"Op. 35, Biamonti 328",1802.0,0.0,E flat,,major,Fugue for Piano,other
Op. 36,,,Biamonti 326, Symphony No.2,D major, orch,Orchestral,"Op. 36, Biamonti 326",1802.0,0.0,D,,major,Symphony,other
Op. 36,,,Biamonti 425, Symphony No.2,D major, vn vc pf,Chamber,"Op. 36, Biamonti 425",1805.0,0.0,D,,major,Other,other
Op. 37,,,Biamonti 337, Piano Concerto No.3,C minor, pf orch,Orchestral,"Op. 37, Biamonti 337",1803.0,1.0,C,,minor,Concerto,other
Op. 38,,,Biamonti 376, Trio,E flat major, cl/vn vc pf,Chamber,"Op. 38, Biamonti 376",1803.0,0.0,E flat,,major,Trio (except Piano Trio),Most popular compositions
Op. 39,,,Biamonti 375, Preludes (2) ('par tous les 12 tons majeurs'),C major, pf/org,Keyboard,"Op. 39, Biamonti 375",1789.0,0.0,C,,major,Other,other
Op. 40,,,Biamonti 329, Romance,G major, vn orch,Orchestral,"Op. 40, Biamonti 329",1802.0,0.0,G,,major,Other works for soloist and orchestra,other
Op. 41,,Hess Anh.12,Biamonti 371, Serenade,D major, fl pf,Chamber,"Op. 41, Biamonti 371",1803.0,0.0,D,,major,Other,other
Op. 42,,Hess Anh.13,Biamonti 372, Notturno,D major, va pf,Chamber,"Op. 42, Biamonti 372",1804.0,0.0,D,,major,Other,other
Op. 43,,,Biamonti 288, Die Geschöpfe des Prometheus (The Creatures of Prometheus),unknown, orch,Orchestral,"Op. 43, Biamonti 288",1801.0,,unknown,,unknown key,Music for Ballet,other
Op. 44,,,Biamonti 263, Variations (14),E flat major, vn va pf,Chamber,"Op. 44, Biamonti 263",1792.0,0.0,E flat,,major,Other,other
Op. 45,,,Biamonti 377, Marches (3),unknown, pf4h,Keyboard,"Op. 45, Biamonti 377",1803.0,,unknown,,unknown key,March for Piano,other
Op. 46,,,Biamonti 111," Adelaide (""Einsam wandelt dein Freund"")",B flat major, v pf,Vocal,"Op. 46, Biamonti 111",1795.0,0.0,B flat,,major,Song,other
Op. 47,,,Biamonti 366," Violin Sonata No.9 (""Kreutzer"")",A major, vn pf,Chamber,"Op. 47, Biamonti 366",1803.0,0.0,A,,major,Sonata for Violin,Most popular compositions
Op. 48 No. 1,,,Biamonti 367/1," Lieder :  Bitten (""Gott  deine Güte reicht so weit"")",E major, v pf,Vocal,"Op. 48 No. 1, Biamonti 367/1",1802.0,0.0,E,,major,Song,other
Op. 48 No. 2,,,Biamonti 367/2," Lieder :  Die Liebe des Nächsten (""So jemand spricht: Ich liebe Gott!"")",E flat major, v pf,Vocal,"Op. 48 No. 2, Biamonti 367/2",1802.0,0.0,E flat,,major,Song,other
Op. 48 No. 3,,,Biamonti 367/3," Lieder :  Vom Tode (""Meine Lebenszeit verstreicht"")",F sharp minor, v pf,Vocal,"Op. 48 No. 3, Biamonti 367/3",1802.0,1.0,F sharp,,minor,Song,other
Op. 48 No. 4,,,Biamonti 367/4," Lieder :  Die Ehre Gottes aus der Natur (""Die Himmel rühmen des Ewigen Ehre"")",C major, v pf,Vocal,"Op. 48 No. 4, Biamonti 367/4",1802.0,0.0,C,,major,Song,other
Op. 48 No. 5,,,Biamonti 367/5," Lieder :  Gottes Macht und Vorsehung (""Gott ist mein Leid!"")",C major, v pf,Vocal,"Op. 48 No. 5, Biamonti 367/5",1802.0,0.0,C,,major,Song,other
Op. 48 No. 6,,,Biamonti 367/6," Lieder :  Bußlied (""An dir allein  an dir hab ich gendigt"")",A minor, v pf,Vocal,"Op. 48 No. 6, Biamonti 367/6",1802.0,1.0,A,,minor,Song,other
Op. 49 No. 1,,,Biamonti 170, Piano Sonatas : Piano Sonata No.19,G minor, pf,Keyboard,"Op. 49 No. 1, Biamonti 170",1797.0,1.0,G,,minor,Sonata for Piano,other
Op. 49 No. 2,,,Biamonti 120, Piano Sonatas : Piano Sonata No.20,G major, pf,Keyboard,"Op. 49 No. 2, Biamonti 120",1796.0,0.0,G,,major,Sonata for Piano,other
Op. 50,,,Biamonti 330, Romance,F major, vn orch,Orchestral,"Op. 50, Biamonti 330",1798.0,0.0,F,,major,Other works for soloist and orchestra,other
Op. 51,,,, Rondos (2),unknown, pf,Keyboard,Op. 51,1797.0,,unknown,,unknown key,Rondo for Piano,other
Op. 52 No. 1,,,Biamonti 34/1," Lieder : Urians Reise um die Welt (""Wenn jemand eine Reise tut"")",A minor, v pf,Vocal,"Op. 52 No. 1, Biamonti 34/1",1793.0,1.0,A,,minor,Song,other
Op. 52 No. 2,,,Biamonti 34/2," Lieder : Feuerfarb (""Ich weiß eine Farbe"")",G major, v pf,Vocal,"Op. 52 No. 2, Biamonti 34/2",1793.0,0.0,G,,major,Song,other
Op. 52 No. 3,,,Biamonti 34/3," Lieder : Das Liedchen von der Ruhe (""Im Arm der Liebe ruht sich's wohl"")",F major, v pf,Vocal,"Op. 52 No. 3, Biamonti 34/3",1793.0,0.0,F,,major,Song,other
Op. 52 No. 4,,,Biamonti 34/4," Lieder : Maigesang (Mailied) (""Wie herrlich leuchtet mir dir Natur"")",E flat major, v pf,Vocal,"Op. 52 No. 4, Biamonti 34/4",1793.0,0.0,E flat,,major,Song,other
Op. 52 No. 5,,,Biamonti 34/5," Lieder : Mollys Abschied (""Lebe wohl  du Mann"")",G major, v pf,Vocal,"Op. 52 No. 5, Biamonti 34/5",1793.0,0.0,G,,major,Song,other
Op. 52 No. 6,,,Biamonti 34/6," Lieder : Die Liebe (""Ohne Liebe lebe wer da kann"")",F major, v pf,Vocal,"Op. 52 No. 6, Biamonti 34/6",1793.0,0.0,F,,major,Song,other
Op. 52 No. 7,,,Biamonti 34/7," Lieder : Marmotte (""Ich komme schon durch manches Land"")",A major, v pf,Vocal,"Op. 52 No. 7, Biamonti 34/7",1793.0,0.0,A,,major,Song,other
Op. 52 No. 8,,,Biamonti 34/8," Lieder : Das Blümchen Wunderhold (""Es blüht ein Blümchen irgendwo"")",G major, v pf,Vocal,"Op. 52 No. 8, Biamonti 34/8",1793.0,0.0,G,,major,Song,other
Op. 53,,,Biamonti 411," Piano Sonata No.21 (""Waldstein"")",C major, pf,Keyboard,"Op. 53, Biamonti 411",1804.0,0.0,C,,major,Sonata for Piano,Most popular compositions
Op. 54,,,Biamonti 412, Piano Sonata No.22,F major, pf,Keyboard,"Op. 54, Biamonti 412",1804.0,0.0,F,,major,Sonata for Piano,other
Op. 55,,,Biamonti 406, Symphony No.3 ('Eroica'),E flat major, orch,Orchestral,"Op. 55, Biamonti 406",1803.0,0.0,E flat,,major,Symphony,Most popular compositions
Op. 56,,,Biamonti 410, Triple Concerto,C major, vn vc pf orch,Orchestral,"Op. 56, Biamonti 410",1805.0,0.0,C,,major,Concerto,other
Op. 57,,,Biamonti 420, Piano Sonata No.23 ('Apassionata'),F minor, pf,Keyboard,"Op. 57, Biamonti 420",1805.0,1.0,F,,minor,Sonata for Piano,Most popular compositions
Op. 58,,,Biamonti 431, Piano Concerto No.4,G major, pf orch,Orchestral,"Op. 58, Biamonti 431",1807.0,0.0,G,,major,Concerto,other
Op. 59 No. 1,,,Biamonti 436/1, String Quartets  ('Razumovsky Quartets'): String Quartet No.7,F major, 2vn va vc,Chamber,"Op. 59 No. 1, Biamonti 436/1",1806.0,0.0,F,,major,String Quartet,other
Op. 59 No. 2,,,Biamonti 436/2, String Quartets  ('Razumovsky Quartets'): String Quartet No.8,E minor, 2vn va vc,Chamber,"Op. 59 No. 2, Biamonti 436/2",1806.0,1.0,E,,minor,String Quartet,other
Op. 59 No. 3,,,Biamonti 436/3, String Quartets  ('Razumovsky Quartets'): String Quartet No.9,C major, 2vn va vc,Chamber,"Op. 59 No. 3, Biamonti 436/3",1806.0,0.0,C,,major,String Quartet,other
Op. 60,,,Biamonti 429, Symphony No.4,B flat major, orch,Orchestral,"Op. 60, Biamonti 429",1806.0,0.0,B flat,,major,Symphony,Most popular compositions
Op. 61,,,Biamonti 432, Violin Concerto,D major, vn orch,Orchestral,"Op. 61, Biamonti 432",1806.0,0.0,D,,major,Concerto,other
Op. 61a,,,Biamonti 441, Piano Concerto,D major, pf orch,Orchestral,"Op. 61a, Biamonti 441",1807.0,0.0,D,,major,Concerto,other
Op. 62,,,Biamonti 438, Coriolan,C minor, orch,Orchestral,"Op. 62, Biamonti 438",1807.0,1.0,C,,minor,Overture,Most popular compositions
Op. 63,,Hess Anh.14,Biamonti II/65, Piano Trio,E flat major, vn va vc,Chamber,"Op. 63, Biamonti II/65",,0.0,E flat,,major,Piano Trio,other
Op. 64,,Hess Anh.15,Biamonti II/60, Cello Sonata ('Grand Sonata'),E flat major, vc pf,Chamber,"Op. 64, Biamonti II/60",1807.0,0.0,E flat,,major,Sonata for other instruments,other
Op. 65,,,Biamonti 116, Ah! Perfido,unknown, sop orch,Vocal,"Op. 65, Biamonti 116",1796.0,,unknown,,unknown key,Song,other
Op. 66,,,Biamonti 160, Variations on 'Ein Mädchen oder Weibchen' (12),F major, vc pf,Chamber,"Op. 66, Biamonti 160",1796.0,0.0,F,,major,Other,other
Op. 67,,,Biamonti 443, Symphony No.5,C minor, orch,Orchestral,"Op. 67, Biamonti 443",1808.0,1.0,C,,minor,Symphony,Included in Voyager Golden Record
Op. 68,,,Biamonti 453, Symphony No.6,F major, orch,Orchestral,"Op. 68, Biamonti 453",1808.0,0.0,F,,major,Symphony,Most popular compositions
Op. 69,,,Biamonti 444, Cello Sonata No.3,A major, vc pf,Chamber,"Op. 69, Biamonti 444",1808.0,0.0,A,,major,Sonata for other instruments,other
Op. 70 No. 1,,,Biamonti 455/1, Piano Trios : Piano Trio ('Ghost'),D major, vn vc pf,Chamber,"Op. 70 No. 1, Biamonti 455/1",1808.0,0.0,D,,major,Piano Trio,other
Op. 70 No. 2,,,Biamonti 455/2, Piano Trios : Piano Trio,E flat major, vn vc pf,Chamber,"Op. 70 No. 2, Biamonti 455/2",1808.0,0.0,E flat,,major,Piano Trio,other
Op. 71,,,Biamonti 118, Sextet,E flat major, 2cl 2bn 2hn,Chamber,"Op. 71, Biamonti 118",1796.0,0.0,E flat,,major,"Sextet, Septet or Octet",Most popular compositions
Op. 72,,Hess 109,Biamonti 423, Fidelio (Leonore  oder Der Triumph der ehelichen Liebe)  opera in 3 acts,unknown, vv ch orch,Vocal,"Op. 72, Biamonti 423",1805.0,,unknown,,unknown key,Song,other
Op. 72,,Hess 110,Biamonti 427, Fidelio (Leonore  oder Der Triumph der ehelichen Liebe)  opera in 2 acts,unknown, vv ch orch,Vocal,"Op. 72, Biamonti 427",1806.0,,unknown,,unknown key,Song,other
Op. 72,,,Biamonti 570, Fidelio  opera in 2 acts,unknown, vv ch orch,Vocal,"Op. 72, Biamonti 570",1814.0,,unknown,,unknown key,Song,other
Op. 72a,,,Biamonti 423, Leonora Overture No.2,C major, orch,Orchestral,"Op. 72a, Biamonti 423",1805.0,0.0,C,,major,Overture,other
Op. 72b,,,Biamonti 427, Leonora Overture No.3,C major, orch,Orchestral,"Op. 72b, Biamonti 427",1806.0,0.0,C,,major,Overture,other
Op. 73,,,Biamonti 499, Piano Concerto No.5 ('Emperor'),E flat major, pf orch,Orchestral,"Op. 73, Biamonti 499",1809.0,0.0,E flat,,major,Concerto,Most popular compositions
Op. 74,,,Biamonti 485, String Quartet No.10 ('Harp'),E flat major, 2vn va vc,Chamber,"Op. 74, Biamonti 485",1809.0,0.0,E flat,,major,String Quartet,Most popular compositions
Op. 75 No. 1,,,Biamonti 502/1," Gesänge : Mignon (""Kennst du das Land"")",unknown, v pf,Vocal,"Op. 75 No. 1, Biamonti 502/1",1809.0,,unknown,,unknown key,Song,other
Op. 75 No. 2,,,Biamonti 502/2," Gesänge : Neue Liebe  neues Leben (""Herz  mein Herz  was soll das geben?"")",unknown, v pf,Vocal,"Op. 75 No. 2, Biamonti 502/2",1809.0,,unknown,,unknown key,Song,other
Op. 75 No. 3,,,Biamonti 502/3," Gesänge : Aus Goethes Faust (""Es war einmal ein König"")",unknown, v pf,Vocal,"Op. 75 No. 3, Biamonti 502/3",1809.0,,unknown,,unknown key,Song,other
Op. 75 No. 4,,,Biamonti 502/4," Gesänge : Gretels Warnung (""Mit Liebesblick und Spiel"")",unknown, v pf,Vocal,"Op. 75 No. 4, Biamonti 502/4",1809.0,,unknown,,unknown key,Song,other
Op. 75 No. 5,,,Biamonti 502/5," Gesänge : An den fernen Geliebten (""Einst wohnten süsse Ruh'"")",unknown, v pf,Vocal,"Op. 75 No. 5, Biamonti 502/5",1809.0,,unknown,,unknown key,Song,other
Op. 75 No. 6,,,Biamonti 502/6," Gesänge : Der Zufriedene (""Zwar schuf das Glück hienieden"")",unknown, v pf,Vocal,"Op. 75 No. 6, Biamonti 502/6",1809.0,,unknown,,unknown key,Song,other
Op. 76,,,Biamonti 494, Variations (6),D major, pf,Keyboard,"Op. 76, Biamonti 494",1809.0,0.0,D,,major,Piano variations,other
Op. 77,,,Biamonti 492, Fantasia,G minor, pf,Keyboard,"Op. 77, Biamonti 492",1809.0,1.0,G,,minor,Other,other
Op. 78,,,Biamonti 493, Piano Sonata No.24 ('A Thérèse'),F sharp major, pf,Keyboard,"Op. 78, Biamonti 493",1809.0,0.0,F sharp,,major,Sonata for Piano,other
Op. 79,,,Biamonti 495, Piano Sonata No.25 ('Cuckoo'),G major, pf,Keyboard,"Op. 79, Biamonti 495",1809.0,0.0,G,,major,Sonata for Piano,other
Op. 80,,,Biamonti 486, Fantasia in C minor ('Choral Fantasia'),C minor, ch pf orch,Vocal,"Op. 80, Biamonti 486",1809.0,1.0,C,,minor,Song,other
Op. 81a,,,Biamonti 514, Piano Sonata No.26 ('Les adieux'),E flat major, pf,Keyboard,"Op. 81a, Biamonti 514",1810.0,0.0,E flat,,major,Sonata for Piano,other
Op. 81b,,,Biamonti 72, Sextet in E-flat major,E flat major, 2hn 2vn va vc,Chamber,"Op. 81b, Biamonti 72",1795.0,0.0,E flat,,major,"Sextet, Septet or Octet",other
Op. 82 No. 1,,,Biamonti 513/1," Arietten und ein Duett : Hoffnung (""Dimmi  ben mio  che m'ami"")",unknown, v pf,Vocal,"Op. 82 No. 1, Biamonti 513/1",1810.0,,unknown,,unknown key,Duo,other
Op. 82 No. 2,,,Biamonti 513/2," Arietten und ein Duett : Liebes-Klage (""T'intendo  si  mio cor"")",unknown, v pf,Vocal,"Op. 82 No. 2, Biamonti 513/2",1810.0,,unknown,,unknown key,Duo,other
Op. 82 No. 3,,,Biamonti 513/3," Arietten und ein Duett : Che fa il mio bene? (""L'amante impatiente"")",unknown, v pf,Vocal,"Op. 82 No. 3, Biamonti 513/3",1810.0,,unknown,,unknown key,Duo,other
Op. 82 No. 4,,,Biamonti 513/4," Arietten und ein Duett : Che fa il mio bene? (""L'amante impatiente"")",unknown, v pf,Vocal,"Op. 82 No. 4, Biamonti 513/4",1810.0,,unknown,,unknown key,Duo,other
Op. 82 No. 5,,,Biamonti 513/5," Arietten und ein Duett : Lebensgenuß (""Odi l'aura che dolce sospira"")",unknown, 2vvv pf,Vocal,"Op. 82 No. 5, Biamonti 513/5",1810.0,,unknown,,unknown key,Duo,other
Op. 83 No. 1,,,Biamonti 531," Gesänge :  Wonne der Wehmut (""Trocknet nicht  Tränen der ewigen Liebe!"")",unknown, v pf,Vocal,"Op. 83 No. 1, Biamonti 531",1810.0,,unknown,,unknown key,Song,other
Op. 83 No. 2,,,Biamonti 531," Gesänge :  Sensucht (""Was zieht mir das Herz so?"")",unknown, v pf,Vocal,"Op. 83 No. 2, Biamonti 531",1810.0,,unknown,,unknown key,Song,other
Op. 83 No. 3,,,Biamonti 531," Gesänge :  Mit einem gemalten Band (""Kleine Blumen  kleine Blätter streuen wir mit leichter Hand"")",unknown, v pf,Vocal,"Op. 83 No. 3, Biamonti 531",1810.0,,unknown,,unknown key,Song,other
Op. 84,,,Biamonti 518, Egmont,unknown, vv orch,Orchestral,"Op. 84, Biamonti 518",1810.0,,unknown,,unknown key,Incidental music,Most popular compositions
Op. 85,,,Biamonti 363, Christus am Ölberge ('Christ on the Mount of Olives'),unknown, 3vv ch orch,Vocal,"Op. 85, Biamonti 363",1804.0,,unknown,,unknown key,Song,other
Op. 86,,,Biamonti 439, Mass,C major, 4vvch orch,Vocal,"Op. 86, Biamonti 439",1807.0,0.0,C,,major,Mass,other
Op. 87,,,Biamonti 63, Trio,C major, 2ob eh,Chamber,"Op. 87, Biamonti 63",1795.0,0.0,C,,major,Trio (except Piano Trio),other
Op. 88,,,Biamonti 370," Das Glück der Freundschaft (""Der lebt ein Leben wonniglich"")",unknown, v pf,Vocal,"Op. 88, Biamonti 370",1803.0,,unknown,,unknown key,Song,other
Op. 89,,,Biamonti 588, Polonaise in C major,C major, pf,Keyboard,"Op. 89, Biamonti 588",1814.0,0.0,C,,major,Other,other
Op. 90,,,Biamonti 578, Piano Sonata No.27,E minor, pf,Keyboard,"Op. 90, Biamonti 578",1814.0,1.0,E,,minor,Sonata for Piano,other
Op. 91,,,Biamonti 560, Wellingtons Sieg (Wellington's Victory or 'Battle Symphony'),unknown, orch,Orchestral,"Op. 91, Biamonti 560",1813.0,,unknown,,unknown key,Symphony,other
Op. 92,,,Biamonti 544, Symphony No.7,A major, orch,Orchestral,"Op. 92, Biamonti 544",1812.0,0.0,A,,major,Symphony,Most popular compositions
Op. 93,,,Biamonti 659, Symphony No.8,F major, orch,Orchestral,"Op. 93, Biamonti 659",1812.0,0.0,F,,major,Symphony,Most popular compositions
Op. 94,,,Biamonti 611," An die Hoffnung (""Ob ein Gott sei?"")",B flat minor, v pf,Vocal,"Op. 94, Biamonti 611",1815.0,1.0,B flat,,minor,Song,other
Op. 95,,,Biamonti 524," String Quartet No.11 (""Serioso"")",F minor, 2vn va vc,Chamber,"Op. 95, Biamonti 524",1811.0,1.0,F,,minor,String Quartet,other
Op. 96,,,Biamonti 550," Violin Sonata No.10 (""Cock-crow"")",G major, vn pf,Chamber,"Op. 96, Biamonti 550",1812.0,0.0,G,,major,Sonata for Violin,other
Op. 97,,,Biamonti 536," Piano Trio(""Archduke"")",B flat major, vn va vc,Chamber,"Op. 97, Biamonti 536",1815.0,0.0,B flat,,major,Piano Trio,Most popular compositions
Op. 98 No. 1,,,Biamonti 652, An die ferne Geliebte: Auf dem Hügel sitz' ich  spähend,unknown, v pf,Vocal,"Op. 98 No. 1, Biamonti 652",1816.0,,unknown,,unknown key,Song,other
Op. 98 No. 2,,,Biamonti 652, An die ferne Geliebte: Wo die Bergen so blau,unknown, v pf,Vocal,"Op. 98 No. 2, Biamonti 652",1816.0,,unknown,,unknown key,Song,other
Op. 98 No. 3,,,Biamonti 652, An die ferne Geliebte: Leichte Segler in den Höhen,unknown, v pf,Vocal,"Op. 98 No. 3, Biamonti 652",1816.0,,unknown,,unknown key,Song,other
Op. 98 No. 4,,,Biamonti 652, An die ferne Geliebte: Diese Wolken in den Höhen,unknown, v pf,Vocal,"Op. 98 No. 4, Biamonti 652",1816.0,,unknown,,unknown key,Song,other
Op. 98 No. 5,,,Biamonti 652, An die ferne Geliebte: Es kehret der Maien,unknown, v pf,Vocal,"Op. 98 No. 5, Biamonti 652",1816.0,,unknown,,unknown key,Song,other
Op. 98 No. 6,,,Biamonti 652, An die ferne Geliebte: Nimm sie hin denn  diese Lieder,unknown, v pf,Vocal,"Op. 98 No. 6, Biamonti 652",1816.0,,unknown,,unknown key,Song,other
Op. 99,,,Biamonti 655," Der Mann von Wort (""Du sagtest  Freund"")",G major, v pf,Vocal,"Op. 99, Biamonti 655",1816.0,0.0,G,,major,Song,other
Op. 100,,,Biamonti 596, Merkenstein,F major, 2vvv pf,Vocal,"Op. 100, Biamonti 596",1815.0,0.0,F,,major,Song,other
Op. 101,,,Biamonti 656, Piano Sonata No.28,A major, pf,Keyboard,"Op. 101, Biamonti 656",1816.0,0.0,A,,major,Sonata for Piano,other
Op. 102 No. 1,,,Biamonti 599/1, Cello Sonatas : Cello Sonata No.4,C major, vc pf,Chamber,"Op. 102 No. 1, Biamonti 599/1",1815.0,0.0,C,,major,Sonata for other instruments,other
Op. 102 No. 2,,,Biamonti 599/2, Cello Sonatas : Cello Sonata No.5,D major, vc pf,Chamber,"Op. 102 No. 2, Biamonti 599/2",1815.0,0.0,D,,major,Sonata for other instruments,other
Op. 103,,,Biamonti 41, Wind Octet,E flat major, 2ob 2cl 2bn 2hn,Chamber,"Op. 103, Biamonti 41",1793.0,0.0,E flat,,major,"Sextet, Septet or Octet",other
Op. 104,,,Biamonti 675, String Quintet,C minor, 2vn 2va vc,Chamber,"Op. 104, Biamonti 675",1817.0,1.0,C,,minor,Quintet,other
Op. 105 No. 1,,,Biamonti 693/1," National Airs with Variations :  Air écossais (""The Cottage Maid"")",G major, fl/vn pf,Chamber,"Op. 105 No. 1, Biamonti 693/1",1818.0,0.0,G,,major,Duo,other
Op. 105 No. 2,,,Biamonti 693/2, National Airs with Variations :  Air écossais,C minor, fl/vn pf,Chamber,"Op. 105 No. 2, Biamonti 693/2",1819.0,1.0,C,,minor,Duo,other
Op. 105 No. 3,,,Biamonti 693/3," National Airs with Variations :  Air autrichien (""A Schsserl und a Reindel"")",C major, fl/vn pf,Chamber,"Op. 105 No. 3, Biamonti 693/3",1818.0,0.0,C,,major,Duo,other
Op. 105 No. 4,,,Biamonti 693/4," National Airs with Variations :  Air écossais (""The Last Rose of Summer"")",E flat major, fl/vn pf,Chamber,"Op. 105 No. 4, Biamonti 693/4",1818.0,0.0,E flat,,major,Duo,other
Op. 105 No. 5,,,Biamonti 693/5," National Airs with Variations :  Air écossais (""Chiling O'Guiry"")",E flat major, fl/vn pf,Chamber,"Op. 105 No. 5, Biamonti 693/5",1818.0,0.0,E flat,,major,Duo,other
Op. 105 No. 6,,,Biamonti 693/6," National Airs with Variations :  Air écossais (""Paddy Whack"")",D major, fl/vn pf,Chamber,"Op. 105 No. 6, Biamonti 693/6",1818.0,0.0,D,,major,Duo,other
Op. 106,,,Biamonti 708," Piano Sonata No.29 (""Hammerklavier"")",B flat major, pf,Keyboard,"Op. 106, Biamonti 708",1818.0,0.0,B flat,,major,Sonata for Piano,other
Op. 107 No. 1,,,Biamonti 694/1," National Airs with Variations : Air tirolien (""I bin a Tiroler Bua"")",unknown, fl/vn pf,Chamber,"Op. 107 No. 1, Biamonti 694/1",1819.0,,unknown,,unknown key,Duo,other
Op. 107 No. 2,,,Biamonti 694/2," National Airs with Variations : Air écossais (""Bonnie Laddie  Highland Laddie"")",unknown, fl/vn pf,Chamber,"Op. 107 No. 2, Biamonti 694/2",1818.0,,unknown,,unknown key,Duo,other
Op. 107 No. 3,,,Biamonti 694/3, National Airs with Variations : Air de la petite Russie,unknown, fl/vn pf,Chamber,"Op. 107 No. 3, Biamonti 694/3",1819.0,,unknown,,unknown key,Duo,other
Op. 107 No. 4,,,Biamonti 694/4," National Airs with Variations : Air écossais (""St. Patrick's Day"")",unknown, fl/vn pf,Chamber,"Op. 107 No. 4, Biamonti 694/4",1819.0,,unknown,,unknown key,Duo,other
Op. 107 No. 5,,,Biamonti 694/5," National Airs with Variations : Air tirolien (""A Madel  ja a Madel"")",unknown, fl/vn pf,Chamber,"Op. 107 No. 5, Biamonti 694/5",1818.0,,unknown,,unknown key,Duo,other
Op. 107 No. 6,,,Biamonti 694/6," National Airs with Variations : Air écossais (""Merch Megan"")",unknown, fl/vn pf,Chamber,"Op. 107 No. 6, Biamonti 694/6",1818.0,,unknown,,unknown key,Duo,other
Op. 107 No. 7,,,Biamonti 694/7," National Airs with Variations : Air russe (""Schöne Minka"")",unknown, fl/vn pf,Chamber,"Op. 107 No. 7, Biamonti 694/7",1818.0,,unknown,,unknown key,Duo,other
Op. 107 No. 8,,,Biamonti 694/8," National Airs with Variations : Air écossais (""O  Mary at thy Window Be"")",unknown, fl/vn pf,Chamber,"Op. 107 No. 8, Biamonti 694/8",1818.0,,unknown,,unknown key,Duo,other
Op. 107 No. 9,,,Biamonti 694/9," National Airs with Variations : Air écossais (""Oh  Thou art the Lad of my Heart"")",unknown, fl/vn pf,Chamber,"Op. 107 No. 9, Biamonti 694/9",1818.0,,unknown,,unknown key,Duo,other
Op. 107 No. 10,,,Biamonti 694/10," National Airs with Variations : Air écossais (""The Highland Watch"")",unknown, fl/vn pf,Chamber,"Op. 107 No. 10, Biamonti 694/10",1818.0,,unknown,,unknown key,Duo,other
Op. 108 No. 1,,,Biamonti 660/1," Scottish Songs : Music  Love and Wine (""O let me music hear  night and day!"")",unknown, v vn vc pf,Vocal,"Op. 108 No. 1, Biamonti 660/1",1817.0,,unknown,,unknown key,Song,other
Op. 108 No. 2,,,Biamonti 660/2," Scottish Songs : Sunset (""The sun upon the Weirdlaw Hill"")",unknown, v vn vc pf,Vocal,"Op. 108 No. 2, Biamonti 660/2",1818.0,,unknown,,unknown key,Song,other
Op. 108 No. 3,,,Biamonti 660/3, Scottish Songs : O Sweet were the Hours,unknown, v vn vc pf,Vocal,"Op. 108 No. 3, Biamonti 660/3",1817.0,,unknown,,unknown key,Song,other
Op. 108 No. 4,,,Biamonti 660/4," Scottish Songs : The Maid of Isla (""O maid of Isla from yon cliff"")",unknown, v vn vc pf,Vocal,"Op. 108 No. 4, Biamonti 660/4",1817.0,,unknown,,unknown key,Song,other
Op. 108 No. 5,,,Biamonti 660/5, Scottish Songs : The Sweetest Lad was Jamie,unknown, v vn vc pf,Vocal,"Op. 108 No. 5, Biamonti 660/5",1815.0,,unknown,,unknown key,Song,other
Op. 108 No. 6,,,Biamonti 660/6, Scottish Songs : Dim  Dim is my Eye,unknown, v vn vc pf,Vocal,"Op. 108 No. 6, Biamonti 660/6",1815.0,,unknown,,unknown key,Song,other
Op. 108 No. 7,,,Biamonti 660/7," Scottish Songs : Bonnie Laddie  Highland Laddie (""Where got ye that siller moon"")",unknown, v vn vc pf,Vocal,"Op. 108 No. 7, Biamonti 660/7",1815.0,,unknown,,unknown key,Song,other
Op. 108 No. 8,,,Biamonti 660/8, Scottish Songs : The Lovely Lass of Inverness,unknown, v vn vc pf,Vocal,"Op. 108 No. 8, Biamonti 660/8",1816.0,,unknown,,unknown key,Song,other
Op. 108 No. 9,,,Biamonti 660/9, Scottish Songs : Behold my Love how Green the Groves,unknown, v vn vc pf,Vocal,"Op. 108 No. 9, Biamonti 660/9",1817.0,,unknown,,unknown key,Song,other
Op. 108 No. 10,,,Biamonti 660/10," Scottish Songs : Sympathy (""Why  Julia  say  that pensive mien?"")",unknown, v vn vc pf,Vocal,"Op. 108 No. 10, Biamonti 660/10",1815.0,,unknown,,unknown key,Song,other
Op. 108 No. 11,,,Biamonti 660/11, Scottish Songs : O! Thou Art the Lad of my Heart,unknown, v vn vc pf,Vocal,"Op. 108 No. 11, Biamonti 660/11",1815.0,,unknown,,unknown key,Song,other
Op. 108 No. 12,,,Biamonti 660/12, Scottish Songs : O  Had My Fate Been Join'd With Thine,unknown, v vn vc pf,Vocal,"Op. 108 No. 12, Biamonti 660/12",1816.0,,unknown,,unknown key,Song,other
Op. 108 No. 13,,,Biamonti 660/13, Scottish Songs : Come Fill  Fill  my Good fellow!,unknown, v vn vc pf,Vocal,"Op. 108 No. 13, Biamonti 660/13",1817.0,,unknown,,unknown key,Song,other
Op. 108 No. 14,,,Biamonti 660/14, Scottish Songs : O  How Can I Be Blithe and Glad,unknown, v vn vc pf,Vocal,"Op. 108 No. 14, Biamonti 660/14",1816.0,,unknown,,unknown key,Song,other
Op. 108 No. 15,,,Biamonti 660/15, Scottish Songs : O Cruel Was My Father,unknown, v vn vc pf,Vocal,"Op. 108 No. 15, Biamonti 660/15",1816.0,,unknown,,unknown key,Song,other
Op. 108 No. 16,,,Biamonti 660/16, Scottish Songs : Could This Ill World Have Been Contriv'd,unknown, v vn vc pf,Vocal,"Op. 108 No. 16, Biamonti 660/16",1816.0,,unknown,,unknown key,Song,other
Op. 108 No. 17,,,Biamonti 660/17, Scottish Songs : O Mary  at Thy Window Be,unknown, v vn vc pf,Vocal,"Op. 108 No. 17, Biamonti 660/17",1817.0,,unknown,,unknown key,Song,other
Op. 108 No. 18,,,Biamonti 660/18, Scottish Songs : Enchantress  Farewell,unknown, v vn vc pf,Vocal,"Op. 108 No. 18, Biamonti 660/18",1818.0,,unknown,,unknown key,Song,other
Op. 108 No. 19,,,Biamonti 660/19, Scottish Songs : O Swiftly Glides the Bonny Boat,unknown, v vn vc pf,Vocal,"Op. 108 No. 19, Biamonti 660/19",1815.0,,unknown,,unknown key,Song,other
Op. 108 No. 20,,,Biamonti 660/20, Scottish Songs : Faithfu' Johnie (When will you come again),unknown, v vn vc pf,Vocal,"Op. 108 No. 20, Biamonti 660/20",1813.0,,unknown,,unknown key,Song,other
Op. 108 No. 21,,,Biamonti 660/21," Scottish Songs : Jeanie's Distress (""By William late offended"")",unknown, v vn vc pf,Vocal,"Op. 108 No. 21, Biamonti 660/21",1817.0,,unknown,,unknown key,Song,other
Op. 108 No. 22,,,Biamonti 660/22," Scottish Songs : The Highland Watch (""Old Scotia  wake thy mountain strain"")",unknown, v vn vc pf,Vocal,"Op. 108 No. 22, Biamonti 660/22",1817.0,,unknown,,unknown key,Song,other
Op. 108 No. 23,,,Biamonti 660/23," Scottish Songs : The Shepherd's Song (""The gowan glitters on the sward"")",unknown, v vn vc pf,Vocal,"Op. 108 No. 23, Biamonti 660/23",1818.0,,unknown,,unknown key,Song,other
Op. 108 No. 24,,,Biamonti 660/24, Scottish Songs : Again  my Lyre,unknown, v vn vc pf,Vocal,"Op. 108 No. 24, Biamonti 660/24",1815.0,,unknown,,unknown key,Song,other
Op. 108 No. 25,,,Biamonti 660/25," Scottish Songs : Sally in Our Alley (""Of all the girls that are so smart"")",unknown, v vn vc pf,Vocal,"Op. 108 No. 25, Biamonti 660/25",1817.0,,unknown,,unknown key,Song,other
Op. 109,,,Biamonti 729, Piano Sonata No.30,E major, pf,Keyboard,"Op. 109, Biamonti 729",1820.0,0.0,E,,major,Sonata for Piano,other
Op. 110,,,Biamonti 739, Piano Sonata No.31,A flat major, pf,Keyboard,"Op. 110, Biamonti 739",1822.0,0.0,A flat,,major,Sonata for Piano,other
Op. 111,,,Biamonti 741, Piano Sonata No.32,C minor, pf,Keyboard,"Op. 111, Biamonti 741",1822.0,1.0,C,,minor,Sonata for Piano,other
Op. 112,,,Biamonti 609, Meeresstille und glückliche Fahrt(Calm Sea & Prosperous Voyage),D major, ch orch,Vocal,"Op. 112, Biamonti 609",1815.0,0.0,D,,major,Cantata,other
Op. 113,,Hess 118,Biamonti 539, Die Ruinen von Athen (The Ruins of Athens)  music to Kotzebue's drama,unknown, vv ch orch,Orchestral,"Op. 113, Biamonti 539",1811.0,,unknown,,unknown key,Incidental music,other
Op. 114,,Hess 118,Biamonti 742, Die Ruinen von Athen (The Ruins of Athens)  music to Kotzebue's drama,unknown, vv ch orch,Orchestral,"Op. 114, Biamonti 742",1822.0,,unknown,,unknown key,Incidental music,other
Op. 115,,,Biamonti 597, Overture  'Zur Namensfeier' (Name-Day),C major, orch,Orchestral,"Op. 115, Biamonti 597",1815.0,0.0,C,,major,Overture,Most popular compositions
Op. 116,,,Biamonti 567, Tremate  empi tremate,B flat major, 3vv orch,Vocal,"Op. 116, Biamonti 567",1814.0,0.0,B flat,,major,Song,other
Op. 117,,,Biamonti 538, König Stephan (King Stephen)  music to Kotzebue's play,E flat major, vv ch orch,Orchestral,"Op. 117, Biamonti 538",1811.0,0.0,E flat,,major,Incidental music,other
Op. 118,,,Biamonti 576," Elegischer Gesang (""Sanft wie du lebtest"")",unknown, 4vv 2vn va vc,Vocal,"Op. 118, Biamonti 576",1814.0,,unknown,,unknown key,Song,other
Op. 119,,,Biamonti 745, Bagatelles (11),unknown, pf,Keyboard,"Op. 119, Biamonti 745",1822.0,,unknown,,unknown key,Bagatelle,other
Op. 120,,,Biamonti 774, Veränderungen über einen Walzer ('Diabelli Variations'),C major, pf,Keyboard,"Op. 120, Biamonti 774",1823.0,0.0,C,,major,Piano variations,other
Op. 121a,,,Biamonti 654, Variations on 'Ich bin der Schneider Kakadu' (10),G major, vn va pf,Chamber,"Op. 121a, Biamonti 654",1816.0,0.0,G,,major,Other,other
Op. 121b,,,Biamonti 766," Opferlied (""Die Flamme lodert"")",E major, 3vv ch orch,Vocal,"Op. 121b, Biamonti 766",1822.0,0.0,E,,major,Song,other
Op. 121b,,,Biamonti 790," Opferlied (""Die Flamme lodert"")",E major, 3vv ch orch,Vocal,"Op. 121b, Biamonti 790",1824.0,0.0,E,,major,Song,other
Op. 122,,,Biamonti 767," Bundeslied (""In allen guten Stunden"")",B flat major, 2vv ch ww br,Vocal,"Op. 122, Biamonti 767",1824.0,0.0,B flat,,major,Song,other
Op. 123,,,Biamonti 776, Missa solemnis,D major, 4vv ch org orch,Vocal,"Op. 123, Biamonti 776",1823.0,0.0,D,,major,Mass,other
Op. 124,,Hess 118,Biamonti 742, Die Weihe des Hauses  overture,C major, orch,Orchestral,"Op. 124, Biamonti 742",1822.0,0.0,C,,major,Overture,Most popular compositions
Op. 125,,,Biamonti 787, Symphony No.9,D minor, sop alt ten bass ch,Orchestral,"Op. 125, Biamonti 787",1824.0,1.0,D,,minor,Symphony,Most popular compositions
Op. 126,,,Biamonti 788, Bagatelles(6),unknown, pf,Keyboard,"Op. 126, Biamonti 788",1824.0,,unknown,,unknown key,Bagatelle,other
Op. 127,,,Biamonti 803, String Quartet No.12,E flat major, 2vn va vc,Chamber,"Op. 127, Biamonti 803",1825.0,0.0,E flat,,major,String Quartet,other
Op. 128,,,Biamonti 748," Der Kuß(""Ich var bei Chloen ganz allein"")",A major, v pf,Vocal,"Op. 128, Biamonti 748",1718.0,0.0,A,,major,Song,other
Op. 129,,,Biamonti 162, Rondo a capriccio ('Rage Over a Lost Penny'),G major, pf,Keyboard,"Op. 129, Biamonti 162",1795.0,0.0,G,,major,Rondo for Piano,other
Op. 130,,,Biamonti 830, String Quartet No.13,B flat major, 2vn va vc,Chamber,"Op. 130, Biamonti 830",1825.0,0.0,B flat,,major,String Quartet,Included in Voyager Golden Record
Op. 131,,,Biamonti 840, String Quartet No.14,C sharp minor, 2vn va vc,Chamber,"Op. 131, Biamonti 840",1826.0,1.0,C sharp,,minor,String Quartet,other
Op. 132,,,Biamonti 808, String Quartet No.15 ('Heiliger Dankgesang'),A minor, 2vn va vc,Chamber,"Op. 132, Biamonti 808",1825.0,1.0,A,,minor,String Quartet,Most popular compositions
Op. 133,,,Biamonti 830, Große Fuge,B flat major, 2vn va vc,Chamber,"Op. 133, Biamonti 830",1826.0,0.0,B flat,,major,Other,Most popular compositions
Op. 134,,Hess 86,Biamonti 841, Große Fuge,B flat major, pf4h,Keyboard,"Op. 134, Biamonti 841",1826.0,0.0,B flat,,major,Fugue for Piano,other
Op. 135,,,Biamonti 845, String Quartet No.16,F major, 2vn va vc,Chamber,"Op. 135, Biamonti 845",1826.0,0.0,F,,major,String Quartet,other
Op. 136,,,Biamonti 581, Der glorreiche Augenblick (The Glorious Moment),unknown, 4vv ch orch,Vocal,"Op. 136, Biamonti 581",1814.0,,unknown,,unknown key,Song,other
Op. 137,,,Biamonti 678, Fugue in D major,D major, 2vn va vc,Chamber,"Op. 137, Biamonti 678",1817.0,0.0,D,,major,Other,other
Op. 138,,,Biamonti 422, Leonora Overture No.1,C major, orch,Orchestral,"Op. 138, Biamonti 422",1807.0,0.0,C,,major,Overture,other
,WoO 1,,Biamonti 29, Musik zu einem Ritterballet,D major, orch,Orchestral,"WoO 1, Biamonti 29",1791.0,0.0,D,,major,Music for Ballet,other
,WoO 1,Hess 89,Biamonti 30, Musik zu einem Ritterballet,D major, pf,Keyboard,"WoO 1, Biamonti 30",1791.0,0.0,D,,major,Other,other
,WoO 2,,, Tarpeja  music for Christoph Kuffner's drama (2):,unknown, orch,Orchestral,WoO 2,1813.0,,unknown,,unknown key,Incidental music,other
,WoO 2a,Hess 117,Biamonti 553, Triumphal March,C major, orch,Orchestral,"WoO 2a, Biamonti 553",1813.0,0.0,C,,major,March,other
,WoO 2b,Hess 117,Biamonti 554, Prelude to Act II,D major, orch,Orchestral,"WoO 2b, Biamonti 554",1805.0,0.0,D,,major,Incidental music,other
,WoO 3,,Biamonti 744, Gratulations-Menuett,E flat major, orch,Orchestral,"WoO 3, Biamonti 744",1822.0,0.0,E flat,,major,Incidental music,other
,WoO 4,,Biamonti 10, Piano Concerto,E flat major, pf orch,Orchestral,"WoO 4, Biamonti 10",1784.0,0.0,E flat,,major,Concerto,other
,WoO 5,Hess 10,Biamonti 33, Violin Concerto,C major, vn orch,Orchestral,"WoO 5, Biamonti 33",1792.0,0.0,C,,major,Concerto,other
,WoO 6,,Biamonti 103, Rondo,B flat major, pf orch,Orchestral,"WoO 6, Biamonti 103",1793.0,0.0,B flat,,major,Other works for soloist and orchestra,other
,WoO 7,,Biamonti 88, Minuets (12),unknown, orch,Orchestral,"WoO 7, Biamonti 88",1795.0,,unknown,,unknown key,Minuet,other
,WoO 7,Hess 101,Biamonti 92, Minuets (12),unknown, pf,Keyboard,"WoO 7, Biamonti 92",1795.0,,unknown,,unknown key,Minuet for Piano,other
,WoO 8,,Biamonti 89, German Dances (12),unknown, orch,Orchestral,"WoO 8, Biamonti 89",1795.0,,unknown,,unknown key,Other,other
,WoO 8,Hess 100,Biamonti 93, German Dances (12),unknown, pf,Keyboard,"WoO 8, Biamonti 93",1795.0,,unknown,,unknown key,Other,other
,WoO 9,Hess 26,Biamonti 101, Minuets (6),unknown, 2vn vc,Chamber,"WoO 9, Biamonti 101",1795.0,,unknown,,unknown key,Other,other
,WoO 10,,, Minuets (6),unknown, orch,Orchestral,WoO 10,1795.0,,unknown,,unknown key,Minuet,other
,WoO 10,,Biamonti 102, Minuets (6),unknown, pf,Keyboard,"WoO 10, Biamonti 102",1795.0,,unknown,,unknown key,Minuet for Piano,other
,WoO 11,,, Ländler (7),unknown, orch,Orchestral,WoO 11,1799.0,,unknown,,unknown key,Other,other
,WoO 11,Hess 27,Biamonti 163, Ländler (7),unknown, pf,Keyboard,"WoO 11, Biamonti 163",1799.0,,unknown,,unknown key,Other,other
,WoO 12,Hess 2,, Minuets(12),unknown, orch,Orchestral,WoO 12,1799.0,,unknown,,unknown key,Minuet,other
,WoO 13,,, German Dances (12),unknown, orch,Orchestral,WoO 13,1797.0,,unknown,,unknown key,Other,other
,WoO 13,Hess 5,Biamonti 218, German Dances (12),unknown, pf,Keyboard,"WoO 13, Biamonti 218",1797.0,,unknown,,unknown key,Other,other
,WoO 14,,Biamonti 295, Contredanses (12),unknown, orch,Orchestral,"WoO 14, Biamonti 295",1718.0,,unknown,,unknown key,Other,other
,WoO 15,,Biamonti 324, Ländler (6),D major, 2vn vc,Chamber,"WoO 15, Biamonti 324",1802.0,0.0,D,,major,Other,other
,WoO 15,,Biamonti 325, Ländler (6),D major, pf,Keyboard,"WoO 15, Biamonti 325",1802.0,0.0,D,,major,Other,other
,WoO 16,,, Ecossaises(12),unknown, orch,Orchestral,WoO 16,,,unknown,,unknown key,Other,other
,WoO 17,Hess 20,Biamonti 710, Mödlinger Tänze (11),unknown, 2cl 2hn 2vn db,Chamber,"WoO 17, Biamonti 710",1819.0,,unknown,,unknown key,Other,other
,WoO 18,,Biamonti 519/1, March ('Marsch für die bohmische Landwehr') ('Yorckscher Marsch'),F major, ww br perc,Orchestral,"WoO 18, Biamonti 519/1",1810.0,0.0,F,,major,March,other
,WoO 18,Hess 6,Biamonti 501, March ('Marsch für die bohmische Landwehr') ('Yorckscher Marsch'),F major, ww br perc,Orchestral,"WoO 18, Biamonti 501",1810.0,0.0,F,,major,March,other
,WoO 18,Hess 99,Biamonti 504, March ('Marsch für die bohmische Landwehr') ('Yorckscher Marsch'),F major, pf,Keyboard,"WoO 18, Biamonti 504",1810.0,0.0,F,,major,March for Piano,other
,WoO 18,Hess 7,Biamonti 780, March ('Marsch für die bohmische Landwehr') ('Yorckscher Marsch'),F major, ww br perc,Orchestral,"WoO 18, Biamonti 780",1822.0,0.0,F,,major,March,other
,WoO 19,,Biamonti 519/2, March,F major, ww br perc,Orchestral,"WoO 19, Biamonti 519/2",1810.0,0.0,F,,major,March,other
,WoO 19,Hess 8,Biamonti 517, March,F major, ww br perc,Orchestral,"WoO 19, Biamonti 517",1810.0,0.0,F,,major,March,other
,WoO 19,Hess 9,Biamonti 781, March,F major, ww br perc,Orchestral,"WoO 19, Biamonti 781",1822.0,0.0,F,,major,March,other
,WoO 20,,Biamonti 525, March ('Zapfenstreich') ('The Tattoo'),C major, ww br perc,Orchestral,"WoO 20, Biamonti 525",1809.0,0.0,C,,major,March,other
,WoO 21,,Biamonti 520, Polonaise,D major, ww br perc,Orchestral,"WoO 21, Biamonti 520",1810.0,0.0,D,,major,Other,other
,WoO 22,,Biamonti 521, Ecossaise,D major, ww br perc,Orchestral,"WoO 22, Biamonti 521",1810.0,0.0,D,,major,Other,other
,WoO 23,,Biamonti 532, Ecossaise,G major, ww br perc,Orchestral,"WoO 23, Biamonti 532",1810.0,0.0,G,,major,Other,other
,WoO 24,,Biamonti 653, March,D major, ww br perc,Orchestral,"WoO 24, Biamonti 653",1816.0,0.0,D,,major,March,other
,WoO 25,,Biamonti 40, Rondino,E flat major, 2ob 2cl 2bn 2hn,Chamber,"WoO 25, Biamonti 40",1793.0,0.0,E flat,,major,Other,other
,WoO 26,Hess 17,Biamonti 32, Duo for 2 flutes,G major, 2fl,Chamber,"WoO 26, Biamonti 32",1792.0,0.0,G,,major,Duo,other
,WoO 27,,Biamonti 39, Duets (3),unknown, vn vc,Chamber,"WoO 27, Biamonti 39",1718.0,,unknown,,unknown key,Duo,other
,WoO 28,Hess 18,, Variations on 'Là ci darem la mano'  WoO 28 (8),C major, 2ob eh,Chamber,WoO 28,1795.0,0.0,C,,major,Other,other
,WoO 29,,Biamonti 440, March for Wind Sextet in B-flat major('Grenadiermarsch'),B flat major, 2cl 2bn 2hn,Chamber,"WoO 29, Biamonti 440",1798.0,0.0,B flat,,major,"Sextet, Septet or Octet",other
,WoO 29,Hess 87,, March for Wind Sextet in B-flat major('Grenadiermarsch'),B flat major, pf,Keyboard,WoO 29,1798.0,0.0,B flat,,major,March for Piano,other
,WoO 30,,Biamonti 548, Equali (3),unknown, 4tbn,Chamber,"WoO 30, Biamonti 548",1812.0,,unknown,,unknown key,Other,other
,WoO 31,,Biamonti 6, Fugue,D major, org,Keyboard,"WoO 31, Biamonti 6",1783.0,0.0,D,,major,Fugue for Piano,other
,WoO 32,Hess 22-24,Biamonti 161, Duet mit zwei obligaten Augengläsern ('Duet with 2 obbligato eyeglasses'),E flat major, va vc,Chamber,"WoO 32, Biamonti 161",1797.0,0.0,E flat,,major,Duo,other
,WoO 33,Hess 103-106,Biamonti 197-200, Pieces for Musical Clock (or for flute) (5),unknown, mech/fl,Chamber,"WoO 33, Biamonti 197-200",1718.0,,unknown,,unknown key,Other,other
,WoO 33b,Hess 106-107,Biamonti NaN, Pieces (2),unknown,,,"WoO 33b, Biamonti NaN",1795.0,,unknown,,unknown key,,other
,WoO 34,Hess 42,Biamonti 740, Duet,A major, 2vn,Chamber,"WoO 34, Biamonti 740",1822.0,0.0,A,,major,Duo,other
,WoO 35,Hess 273,Biamonti 809, Canon,A major, 2vn/2vc,Chamber,"WoO 35, Biamonti 809",1825.0,0.0,A,,major,Other,other
,WoO 36 No. 1,,Biamonti 12/1, Piano Quartets: Piano Quartet No.1 in E-flat major,E flat major, vn va vc pf,Chamber,"WoO 36 No. 1, Biamonti 12/1",1785.0,0.0,E flat,,major,Quartet (except String Quartet),other
,WoO 36 No. 2,,Biamonti 12/2, Piano Quartets: Piano Quartet No.2 in D major,D major, vn va vc pf,Chamber,"WoO 36 No. 2, Biamonti 12/2",1785.0,0.0,D,,major,Quartet (except String Quartet),other
,WoO 36 No. 3,,Biamonti 12/3, Piano Quartets: Piano Quartet No.3 in C major,C major, vn va vc pf,Chamber,"WoO 36 No. 3, Biamonti 12/3",1785.0,0.0,C,,major,Quartet (except String Quartet),other
,WoO 37,,Biamonti 19, Trio,G major, fl bn pf,Chamber,"WoO 37, Biamonti 19",1790.0,0.0,G,,major,Trio (except Piano Trio),other
,WoO 38,,Biamonti 31, Piano Trio in E-flat major,E flat major, vn vc pf,Chamber,"WoO 38, Biamonti 31",1791.0,0.0,E flat,,major,Piano Trio,other
,WoO 39,,Biamonti 542, Allegretto,B flat major, vn vc pf,Chamber,"WoO 39, Biamonti 542",1812.0,0.0,B flat,,major,Other,other
,WoO 40,,Biamonti 46, Variations on 'Se vuol ballare' (12),F major, vn pf,Chamber,"WoO 40, Biamonti 46",1793.0,0.0,F,,major,Other,other
,WoO 41,,Biamonti 57, Rondo,G major, vn pf,Chamber,"WoO 41, Biamonti 57",1794.0,0.0,G,,major,Other,other
,WoO 42,,Biamonti 112, German Dances (6),unknown, vn pf,Chamber,"WoO 42, Biamonti 112",1796.0,,unknown,,unknown key,Other,other
,WoO 43a,,Biamonti 121, Sonatina,C minor, mand hpd,Chamber,"WoO 43a, Biamonti 121",1796.0,1.0,C,,minor,Other,other
,WoO 43b,,Biamonti 122, Adagio,E flat major, mand hpd,Chamber,"WoO 43b, Biamonti 122",1796.0,0.0,E flat,,major,Other,other
,WoO 44a,Hess 43,Biamonti 124, Sonatina,C major, mand hpd,Chamber,"WoO 44a, Biamonti 124",1796.0,0.0,C,,major,Other,other
,WoO 44b,Hess 45,Biamonti 125, Andante con Variazioni,D major, mand hpd,Chamber,"WoO 44b, Biamonti 125",1796.0,0.0,D,,major,Other,other
,WoO 45,,Biamonti 126, Variations on 'See the conqu'ring hero comes' (12),G major, vc pf,Chamber,"WoO 45, Biamonti 126",1796.0,0.0,G,,major,Other,other
,WoO 46,,Biamonti 300, Variations on 'Bei Männern  welche Liebe fühlen' (7),E flat major, vc pf,Chamber,"WoO 46, Biamonti 300",1801.0,0.0,E flat,,major,Other,other
,WoO 47 No. 1,,Biamonti 2/1, Piano Sonatas ('Electoral') ('Kurfürstensonate'): Piano Sonata,E flat major, pf,Keyboard,"WoO 47 No. 1, Biamonti 2/1",1783.0,0.0,E flat,,major,Sonata for Piano,other
,WoO 47 No. 2,,Biamonti 2/2, Piano Sonatas ('Electoral') ('Kurfürstensonate'): Piano Sonata,F minor, pf,Keyboard,"WoO 47 No. 2, Biamonti 2/2",1783.0,1.0,F,,minor,Sonata for Piano,other
,WoO 47 No. 3,,Biamonti 2/3, Piano Sonatas ('Electoral') ('Kurfürstensonate'): Piano Sonata,D major, pf,Keyboard,"WoO 47 No. 3, Biamonti 2/3",1783.0,0.0,D,,major,Sonata for Piano,other
,WoO 48,Hess 51,Biamonti 4, Rondo,C major, pf,Keyboard,"WoO 48, Biamonti 4",1783.0,0.0,C,,major,Rondo for Piano,other
,WoO 49,,Biamonti 5, Rondo,A major, pf,Keyboard,"WoO 49, Biamonti 5",1783.0,0.0,A,,major,Rondo for Piano,other
,WoO 50,Hess 53,Biamonti 21, Piano Sonata,F major, pf,Keyboard,"WoO 50, Biamonti 21",1792.0,0.0,F,,major,Sonata for Piano,other
,WoO 51,,Biamonti 36, Piano Sonata,C major, pf,Keyboard,"WoO 51, Biamonti 36",1798.0,0.0,C,,major,Sonata for Piano,other
,WoO 52,,Biamonti 139, Bagatelle,C minor, pf,Keyboard,"WoO 52, Biamonti 139",1718.0,1.0,C,,minor,Bagatelle,other
,WoO 53,,Biamonti 158, Allegretto,C minor, pf,Keyboard,"WoO 53, Biamonti 158",1797.0,1.0,C,,minor,Other,other
,WoO 53,Hess 66,Biamonti 159, Allegretto,C minor, pf,Keyboard,"WoO 53, Biamonti 159",1797.0,1.0,C,,minor,Other,other
,WoO 54,,Biamonti 26, Bagatelle ('Lustig-traurig'),C major, pf,Keyboard,"WoO 54, Biamonti 26",1802.0,1.0,C,,minor,Bagatelle,other
,WoO 55,,Biamonti 374, Prelude,F minor, pf,Keyboard,"WoO 55, Biamonti 374",1803.0,1.0,F,,minor,Other,Most popular compositions
,WoO 56,,Biamonti 408, Bagatelle,C major, pf,Keyboard,"WoO 56, Biamonti 408",1822.0,0.0,C,,major,Bagatelle,other
,WoO 57,,Biamonti 409, Andante favori,F major, pf,Keyboard,"WoO 57, Biamonti 409",1804.0,0.0,F,,major,Other,other
,WoO 58,,Biamonti 424, Cadenzas (2),D minor, pf,Keyboard,"WoO 58, Biamonti 424",1809.0,1.0,D,,minor,Cadenza for Piano,other
,WoO 59,,Biamonti 515, Für Elise (Bagatelle),A minor, pf,Keyboard,"WoO 59, Biamonti 515",1810.0,1.0,A,,minor,Bagatelle,Most popular compositions
,WoO 60,,Biamonti 690, Bagatelle in B-flat major ('Zeimlich lebhaft') ('A little lively'),B flat major, pf,Keyboard,"WoO 60, Biamonti 690",1818.0,0.0,B flat,,major,Bagatelle,other
,WoO 61,Hess 62,Biamonti 736, Allegretto,B minor, pf,Keyboard,"WoO 61, Biamonti 736",1821.0,1.0,B,,minor,Other,other
,WoO 61a,Hess 56,Biamonti 825, Bagatelle (Allegretto quasi Andante),G minor, pf,Keyboard,"WoO 61a, Biamonti 825",1825.0,1.0,G,,minor,Bagatelle,other
,WoO 62,Hess 41,Biamonti 846," String Quintet ('""Letzter musikalischer Gedanke') '('Last Musical Thought')",C major, 2vn va vc,Chamber,"WoO 62, Biamonti 846",1826.0,0.0,C,,major,Quintet,other
,WoO 63,,Biamonti 1, Variations on a March by Dressler (9),C minor, pf,Chamber,"WoO 63, Biamonti 1",1782.0,1.0,C,,minor,Other,other
,WoO 64,,Biamonti 25, Variations on a Swiss song(6),F major, pf/hp,Keyboard,"WoO 64, Biamonti 25",1792.0,0.0,F,,major,Piano variations,other
,WoO 65,Hess 55,Biamonti 299, Variations on 'Venni Amore' (24),D major, pf,Keyboard,"WoO 65, Biamonti 299",1791.0,0.0,D,,major,Piano variations,other
,WoO 66,,Biamonti 37, Variations on 'Es war einmal ein alter Mann'(13),A major, pf,Keyboard,"WoO 66, Biamonti 37",1792.0,0.0,A,,major,Piano variations,other
,WoO 67,,Biamonti 35, Variations on a Theme by Count Waldstein (8),C major, pf4h,Keyboard,"WoO 67, Biamonti 35",1792.0,0.0,C,,major,Piano variations,other
,WoO 68,,Biamonti 94, Variations on 'Menuet a la Vigano' (12),C major, pf,Keyboard,"WoO 68, Biamonti 94",1795.0,0.0,C,,major,Piano variations,other
,WoO 69,,Biamonti 90, Variations on 'Quant'e piu bello' (9),A major, pf,Keyboard,"WoO 69, Biamonti 90",1795.0,0.0,A,,major,Piano variations,other
,WoO 70,,Biamonti 91, Variations on 'Nel cor piu non mi sento' (6),G major, pf,Keyboard,"WoO 70, Biamonti 91",1795.0,0.0,G,,major,Piano variations,other
,WoO 71,,Biamonti 107, Variations on the Russian Dance from 'Das Waldmädchen' (12),A major, pf,Keyboard,"WoO 71, Biamonti 107",1797.0,0.0,A,,major,Piano variations,other
,WoO 72,,Biamonti 138, Variations on 'Une fièvre brûlante' (8),C major, pf,Keyboard,"WoO 72, Biamonti 138",1798.0,0.0,C,,major,Piano variations,other
,WoO 73,,Biamonti 175, Variations on 'La stessa  la stessissima' (10),B flat major, pf,Keyboard,"WoO 73, Biamonti 175",1799.0,0.0,B flat,,major,Piano variations,other
,WoO 74,,Biamonti 177/418, Variations for Piano Four-Hands on 'Ich denke dein' (6),D major, pf4h (+ v),Keyboard,"WoO 74, Biamonti 177/418",1718.0,0.0,D,,major,Piano variations,other
,WoO 75,,Biamonti 181, Variations on 'Kind  willst du ruhig schlafen' (7),F major, pf,Keyboard,"WoO 75, Biamonti 181",1799.0,0.0,F,,major,Piano variations,other
,WoO 76,,Biamonti 179, Variations on 'Tändeln und Scherzen' (8),F major, pf,Keyboard,"WoO 76, Biamonti 179",1799.0,0.0,F,,major,Piano variations,other
,WoO 77,,Biamonti 209, Variations in G major(6) ('Six Easy Variations on an Original Theme'),G major, pf,Keyboard,"WoO 77, Biamonti 209",1800.0,0.0,G,,major,Piano variations,other
,WoO 78,,Biamonti 368, Variations on 'God Save the King' (7),C major, pf,Keyboard,"WoO 78, Biamonti 368",1803.0,0.0,C,,major,Piano variations,other
,WoO 79,,Biamonti 369, Variations on 'Rule Britannia' (5),D major, pf,Keyboard,"WoO 79, Biamonti 369",1803.0,0.0,D,,major,Piano variations,other
,WoO 80,,Biamonti 430, Variations (32),C minor, pf,Keyboard,"WoO 80, Biamonti 430",1806.0,1.0,C,,minor,Piano variations,other
,WoO 81,,Biamonti 266, Allemande,A major, pf,Keyboard,"WoO 81, Biamonti 266",1718.0,0.0,A,,major,Other,other
,WoO 82,,Biamonti 373, Minuet,E flat major, pf,Keyboard,"WoO 82, Biamonti 373",1803.0,0.0,E flat,,major,Minuet for Piano,other
,WoO 83,,Biamonti 437, Ecossaises (6),E flat major, pf,Keyboard,"WoO 83, Biamonti 437",1806.0,0.0,E flat,,major,Other,other
,WoO 84,,Biamonti 793, Waltz,E flat major, pf,Keyboard,"WoO 84, Biamonti 793",1824.0,0.0,E flat,,major,Waltz for Piano,other
,WoO 85,,Biamonti 828, Waltz,D major, pf,Keyboard,"WoO 85, Biamonti 828",1825.0,0.0,D,,major,Waltz for Piano,other
,WoO 86,,Biamonti 829, Ecossaise,E flat major, pf,Keyboard,"WoO 86, Biamonti 829",1825.0,0.0,E flat,,major,Other,other
,WoO 87,,Biamonti 17, Cantata on the Death of Emperor Joseph II (Trauerkantate auf den Tod Joseph II),C minor, sop bass ch orch,Vocal,"WoO 87, Biamonti 17",1790.0,1.0,C,,minor,Cantata,other
,WoO 88,,Biamonti 18, Cantata on the Accession of Emperor Leopold II (Kantate auf die Erhebung Leopold II zur Kaiserwürde),A flat major, sop ten bass ch orch,Vocal,"WoO 88, Biamonti 18",1790.0,0.0,A flat,,major,Cantata,other
,WoO 89,,Biamonti 28/1," Prüfung des Küssens (""Meine weise Mutter spricht"")",F major, bass orch,Vocal,"WoO 89, Biamonti 28/1",1792.0,0.0,F,,major,Song,other
,WoO 90,,Biamonti 28/2, Mit Mädeln sich vertragen,D major, bass orch,Vocal,"WoO 90, Biamonti 28/2",1792.0,0.0,D,,major,Song,other
,WoO 91 No. 1,,Biamonti 119/1, Die schöne Schusterin  arias for Umlau's Singspiel : O welch ein Leben! ein ganzes Meer,F major, sop orch,Vocal,"WoO 91 No. 1, Biamonti 119/1",1795.0,0.0,F,,major,Song,other
,WoO 91 No. 2,,Biamonti 119/2, Die schöne Schusterin  arias for Umlau's Singspiel : Soll ein Schuh nicht drücken,B flat major, sop orch,Vocal,"WoO 91 No. 2, Biamonti 119/2",1795.0,0.0,B flat,,major,Song,other
,WoO 92,,Biamonti 214, Primo amore piacer del ciel  scene and aria,A major, sop orch,Vocal,"WoO 92, Biamonti 214",1792.0,0.0,A,,major,Song,other
,WoO 92a,Hess 119,Biamonti 304, No  non turbarti  scene and aria,unknown, sop str,Vocal,"WoO 92a, Biamonti 304",1802.0,,unknown,,unknown key,Song,other
,WoO 93,Hess 120,Biamonti 352, Ne' giorni tuoi felici  duet,unknown, sop ten orch,Vocal,"WoO 93, Biamonti 352",1802.0,,unknown,,unknown key,Duo,other
,WoO 94,,Biamonti 568, Germania,B flat major, vv ch orch,Vocal,"WoO 94, Biamonti 568",1814.0,0.0,B flat,,major,Song,other
,WoO 95,,Biamonti 583," Chorus for the Allied Princes (Chor auf die verbündeten Fürsten) (""Ihr weisen Gründer"")",A major, ch orch,Vocal,"WoO 95, Biamonti 583",1814.0,0.0,A,,major,Song,other
,WoO 96,,Biamonti 595, Leonore Prohaska  incidental music,unknown, nar sop mch orch,Orchestral,"WoO 96, Biamonti 595",1815.0,,unknown,,unknown key,Incidental music,other
,WoO 97,,Biamonti 598, Es ist vollbracht  chorus,D major, bass ch orch,Vocal,"WoO 97, Biamonti 598",1815.0,0.0,D,,major,Song,other
,WoO 98,Hess 118,Biamonti 742, Wo sich die Pulse  chorus,B flat major, sop ch orch,Orchestral,"WoO 98, Biamonti 742",1822.0,0.0,B flat,,major,Other,other
,WoO 99 No. 1,Hess 211,Biamonti 58, Italian Partsongs:  Bei labbri  che Amore,B flat major, 2vv,Vocal,"WoO 99 No. 1, Biamonti 58",1803.0,0.0,B flat,,major,Song,other
,WoO 99 No. 2,Hess 214,Biamonti 202, Italian Partsongs:  Chi mai di questo core,C major, 3vv,Vocal,"WoO 99 No. 2, Biamonti 202",1803.0,0.0,C,,major,Song,other
,WoO 99 No. 3a,Hess 208,Biamonti 143, Italian Partsongs:  Fra tutte le pene,unknown, 2vv,Vocal,"WoO 99 No. 3a, Biamonti 143",1803.0,,unknown,,unknown key,Song,other
,WoO 99 No. 3b,Hess 225,Biamonti 144, Italian Partsongs:  Fra tutte le pene,unknown, 2vv,Vocal,"WoO 99 No. 3b, Biamonti 144",1803.0,,unknown,,unknown key,Song,other
,WoO 99 No. 3b,Hess 209,Biamonti 145, Italian Partsongs:  Fra tutte le pene,unknown, 2vv,Vocal,"WoO 99 No. 3b, Biamonti 145",1803.0,,unknown,,unknown key,Song,other
,WoO 99 No. 3c,Hess 224,Biamonti 146, Italian Partsongs:  Fra tutte le pene,unknown, 2vv,Vocal,"WoO 99 No. 3c, Biamonti 146",1803.0,,unknown,,unknown key,Song,other
,WoO 99 No. 3c,Hess 210,Biamonti 147, Italian Partsongs:  Fra tutte le pene,unknown, 2vv,Vocal,"WoO 99 No. 3c, Biamonti 147",1803.0,,unknown,,unknown key,Song,other
,WoO 99 No. 4a,Hess 222,Biamonti 341, Italian Partsongs:  Già la notte s'avvicina,unknown, 4vv,Vocal,"WoO 99 No. 4a, Biamonti 341",1803.0,,unknown,,unknown key,Song,other
,WoO 99 No. 4b,Hess 223,Biamonti 342, Italian Partsongs:  Già la notte s'avvicina,unknown, 3vv,Vocal,"WoO 99 No. 4b, Biamonti 342",1803.0,,unknown,,unknown key,Song,other
,,Hess 230,Biamonti 215, Giura il nocchier,C major, 4vv,Vocal,"Hess 230, Biamonti 215",1794.0,0.0,C,,major,Song,other
,WoO 99 No. 5a,Hess 221,Biamonti 336, Italian Partsongs:  Giura il nocchier,C major, 4vv,Vocal,"WoO 99 No. 5a, Biamonti 336",1803.0,0.0,C,,major,Song,other
,WoO 99 No. 5b,Hess 227,Biamonti 59, Italian Partsongs:  Giura il nocchier,C major, 3vv,Vocal,"WoO 99 No. 5b, Biamonti 59",1803.0,0.0,C,,major,Song,other
,WoO 99 No. 6,Hess 212,Biamonti 60, Italian Partsongs:  Ma tu tremi  o mio tesoro,G major, 3vv,Vocal,"WoO 99 No. 6, Biamonti 60",1803.0,0.0,G,,major,Song,other
,WoO 99 No. 7a,Hess 217,Biamonti 109, Italian Partsongs:  Nei campi e nelle selve,C major, 4vv,Vocal,"WoO 99 No. 7a, Biamonti 109",1803.0,0.0,C,,major,Song,other
,WoO 99 No. 7b,Hess 220,Biamonti 110, Italian Partsongs:  Nei campi e nelle selve,C major, 4vv,Vocal,"WoO 99 No. 7b, Biamonti 110",1803.0,0.0,C,,major,Song,other
,WoO 99 No. 8,,Biamonti 84, Italian Partsongs:  O care selve,G major, v uch,Vocal,"WoO 99 No. 8, Biamonti 84",1795.0,0.0,G,,major,Song,other
,WoO 99 No. 9,Hess 216,Biamonti 127, Italian Partsongs:  Per te d'amico aprile,E flat major, 3vv,Vocal,"WoO 99 No. 9, Biamonti 127",1803.0,0.0,E flat,,major,Song,other
,WoO 99 No. 10a,Hess 213,Biamonti 149, Italian Partsongs:  Quella cetra ah pur tu sei,A major, 3vv,Vocal,"WoO 99 No. 10a, Biamonti 149",1803.0,0.0,A,,major,Song,other
,WoO 99 No. 10b,Hess 218,Biamonti 148, Italian Partsongs:  Quella cetra ah pur tu sei,A major, 3vv,Vocal,"WoO 99 No. 10b, Biamonti 148",1803.0,0.0,A,,major,Song,other
,WoO 99 No. 10c,Hess 219,Biamonti 150, Italian Partsongs:  Quella cetra ah pur tu sei,A major, 3vv,Vocal,"WoO 99 No. 10c, Biamonti 150",1803.0,0.0,A,,major,Song,other
,WoO 99 No. 11,Hess 215,Biamonti 128, Italian Partsongs:  Scrivo in te,D major, 3vv,Vocal,"WoO 99 No. 11, Biamonti 128",1803.0,0.0,D,,major,Song,other
,WoO 99 No. 12,Hess 226,Biamonti 335, Italian Partsongs:  Silvio  amante disperato,unknown, 4vv,Vocal,"WoO 99 No. 12, Biamonti 335",1802.0,,unknown,,unknown key,Song,other
,WoO 100,Hess 278,Biamonti 303," Lob auf den Dicken (""Schuppanzigh ist ein Lump"")  musical joke",G major, ten 2bass ch,Vocal,"WoO 100, Biamonti 303",1801.0,0.0,G,,major,Song,other
,WoO 101,Hess 279,Biamonti 331, Graf  liebster Graf  liebstes Schaf  musical joke,E flat major, 3vv,Vocal,"WoO 101, Biamonti 331",1802.0,0.0,E flat,,major,Song,other
,WoO 102,,Biamonti 573," Abschiedsgesang (""Die Stunde schlägt"") ('Song of Farewell')",B flat major, ten 2bass,Vocal,"WoO 102, Biamonti 573",1814.0,0.0,B flat,,major,Song,other
,WoO 103,Hess 127,Biamonti 574," Un lieto brindisi('Cantata campestre') (""Johannisfeier begehn wir heute"")",B flat major, 4vv pf,Vocal,"WoO 103, Biamonti 574",1814.0,0.0,B flat,,major,Cantata,other
,WoO 104,,Biamonti 673," Gesang der Mönche (""Rasch tritt der Tod den Menchen an"") (Song of the Monks)",C minor, 2ten bass,Vocal,"WoO 104, Biamonti 673",1817.0,1.0,C,,minor,Song,other
,WoO 105,Hess 124,Biamonti 696," Hochzeitslied(""Auf Freunde  singt dem Gott der ehen!"")",A major, bass ch pf,Vocal,"WoO 105, Biamonti 696",1819.0,0.0,A,,major,Song,other
,WoO 106,,Biamonti 772, Lobkowitz-Cantate,E flat major, sop ch pf,Vocal,"WoO 106, Biamonti 772",1823.0,0.0,E flat,,major,Cantata,other
,WoO 107,,Biamonti 7," Schilderung eines Mädchens(""Schildern  willst du Freund  soll ich dir Elisen?"")",G major, v pf,Vocal,"WoO 107, Biamonti 7",1782.0,0.0,G,,major,Song,other
,WoO 108,,Biamonti 9," An einen Säugling (""Noch weisst du nicht  wes Kind du bist"")",A major, v pf,Vocal,"WoO 108, Biamonti 9",1783.0,0.0,A,,major,Song,other
,WoO 109,,Biamonti 13," Trinklied (beim Abschied zu singen) (""Erhebt das Glas mit froher Hand"")",C major, v pf,Vocal,"WoO 109, Biamonti 13",1792.0,0.0,C,,major,Song,other
,WoO 110,,Biamonti 14," Elegie auf den Tod eines Pudels (""Stirb immerhin  es welken ja so viele der Freuden"")",F minor, v pf,Vocal,"WoO 110, Biamonti 14",1790.0,1.0,F,,minor,Song,other
,WoO 111,Hess 126,Biamonti 22," Punschlied(""Wer nicht  wenn warm von Hand zu Hand"")",G major, v pf,Vocal,"WoO 111, Biamonti 22",1792.0,0.0,G,,major,Song,other
,WoO 112,Hess 128,Biamonti 27," An Laura(""Freud' umblühe dich auf allen Wegen"")",G major, v pf,Vocal,"WoO 112, Biamonti 27",1792.0,0.0,G,,major,Song,other
,WoO 113,,Biamonti 23, Klage,E major, v pf,Vocal,"WoO 113, Biamonti 23",1790.0,0.0,E,,major,Song,other
,WoO 114,,Biamonti 38," Ein Selbstgespräch (""Ich  der mit flatternden Sinn"")",E major, v pf,Vocal,"WoO 114, Biamonti 38",1793.0,0.0,E,,major,Song,other
,WoO 115,,Biamonti 45," An Minna(""Nur bei dir  an deinem Herzen"")",D major, v pf,Vocal,"WoO 115, Biamonti 45",1792.0,0.0,D,,major,Song,other
,WoO 116a,Hess 129,Biamonti 44, Que le temps me dure,C minor, v pf,Vocal,"WoO 116a, Biamonti 44",1793.0,1.0,C,,minor,Song,other
,WoO 116b,Hess 130,Biamonti 44, Que le temps me dure,C major, v pf,Vocal,"WoO 116b, Biamonti 44",1793.0,0.0,C,,major,Song,other
,WoO 117,,Biamonti 77," Der freie Mann (""Wer ist ein freier Mann?"")",C major, uch,Vocal,"WoO 117, Biamonti 77",1794.0,0.0,C,,major,Song,other
,WoO 118,,Biamonti 79," Seufzer eines Ungeliebten und Gegenliebe (""Hast du nicht Liebe zugernessen"")",C minor, v pf,Vocal,"WoO 118, Biamonti 79",1795.0,1.0,C,,minor,Song,other
,WoO 119,,Biamonti 84, O care selve,G major, v pf,Vocal,"WoO 119, Biamonti 84",1795.0,0.0,G,,major,Song,other
,WoO 120,,Biamonti 78, Man strebt  die Flamme zu verhehlen,F major, v pf,Vocal,"WoO 120, Biamonti 78",1802.0,0.0,F,,major,Song,other
,WoO 121,,Biamonti 108," Abschiedsgesang an Wiens Bürger(""Keine Klage soll erschallen"")",G major, v pf,Vocal,"WoO 121, Biamonti 108",1796.0,0.0,G,,major,Song,other
,WoO 122,,Biamonti 132," Kriegslied der Österreicher (""Ein grosses deutches Volk sind wir"")",C major, v uch pf,Vocal,"WoO 122, Biamonti 132",1797.0,0.0,C,,major,Song,other
,WoO 123,,Biamonti 287," Zärtliche Liebe (""Ich liebe dich  so wie du mich"")",G major, v pf,Vocal,"WoO 123, Biamonti 287",1795.0,0.0,G,,major,Song,other
,WoO 124,,Biamonti 164," La Partenza (Der Abschied) (""Ecco quel fiero istante!"")",A major, v pf,Vocal,"WoO 124, Biamonti 164",1795.0,0.0,A,,major,Song,other
,WoO 125,Hess 135,Biamonti 125," La tiranna(""Ah grief to think"")",E flat major, v pf,Vocal,"WoO 125, Biamonti 125",1799.0,0.0,E flat,,major,Song,other
,WoO 126,,Biamonti 173," Opferlied(""Die Flamme lodert"")",E major, v pf,Vocal,"WoO 126, Biamonti 173",1795.0,0.0,E,,major,Song,other
,WoO 127,Hess 136,Biamonti 186," Neue Liebe  neues Leben (""Herz  mein Herz  was soll das geben?"")",C major, v pf,Vocal,"WoO 127, Biamonti 186",1799.0,0.0,C,,major,Song,other
,WoO 128,Hess 131,Biamonti 201," Plaisir d'aimer"" (""Plaisir d'aimer besoin d'une âme tendre"")",G major, v pf,Vocal,"WoO 128, Biamonti 201",1799.0,0.0,G,,major,Song,other
,WoO 129,,Biamonti 378," Der Wachtelschlag (""Ach  wie schalt's dorten so lieblich hervor"")",F major, v pf,Vocal,"WoO 129, Biamonti 378",1803.0,0.0,F,,major,Song,other
,WoO 130,,Biamonti 416," Gedenke mein! (""Gedenke mein  ich denke dein"")",E flat major, v pf,Vocal,"WoO 130, Biamonti 416",1820.0,0.0,E flat,,major,Song,other
,WoO 131,Hess 148,Biamonti 526," Erlkönig(""Wer reitet so spat durch Nacht und Wind?"")",D minor, v pf (?),Vocal,"WoO 131, Biamonti 526",1796.0,1.0,D,,minor,Song,other
,WoO 132,,Biamonti 428," Als die Geliebte sich trennen wollte(""Der Hoffnung letzter Schimmer sinkt dahin"") ('Empfindungen bei Lydiens Untreue')",E flat major, v pf,Vocal,"WoO 132, Biamonti 428",1806.0,0.0,E flat,,major,Song,other
,WoO 133,,Biamonti 442, In questa tomba oscura  arietta,A flat major, v pf,Vocal,"WoO 133, Biamonti 442",1807.0,0.0,A flat,,major,Song,other
,WoO 134 No. 1,,Biamonti 446/1, Sehnsucht,G minor, v pf,Vocal,"WoO 134 No. 1, Biamonti 446/1",1808.0,1.0,G,,minor,Song,other
,WoO 134 No. 2,,Biamonti 446/2, Sehnsucht,G minor, v pf,Vocal,"WoO 134 No. 2, Biamonti 446/2",1808.0,1.0,G,,minor,Song,other
,WoO 134 No. 3,,Biamonti 446/3, Sehnsucht,E flat major, v pf,Vocal,"WoO 134 No. 3, Biamonti 446/3",1808.0,0.0,E flat,,major,Song,other
,WoO 134 No. 4,,Biamonti 446/4, Sehnsucht,G minor, v pf,Vocal,"WoO 134 No. 4, Biamonti 446/4",1808.0,1.0,G,,minor,Song,other
,WoO 135,,Biamonti 503," Die laute Klage (""Turteltaube  du klagtest so laut"")",C minor, v pf,Vocal,"WoO 135, Biamonti 503",1815.0,1.0,C,,minor,Song,other
,WoO 136,,Biamonti 496," Andenken (""Ich denke dein"")",D major, v pf,Vocal,"WoO 136, Biamonti 496",1808.0,0.0,D,,major,Song,other
,WoO 137,,Biamonti 498," Lied aus der Ferne (""Als mir noch die Träne"")",B flat major, v pf,Vocal,"WoO 137, Biamonti 498",1809.0,0.0,B flat,,major,Song,other
,WoO 138,,Biamonti 497," Der Jüngling in der Fremde (""Der Früling entblühet dem Schoß der Natur"")",B flat major, v pf,Vocal,"WoO 138, Biamonti 497",1809.0,0.0,B flat,,major,Song,other
,WoO 139,,Biamonti 500," Der Liebende (""Welch ein wunderbares Leben"")",D major, v pf,Vocal,"WoO 139, Biamonti 500",1809.0,0.0,D,,major,Song,other
,WoO 140 No. 1,,Biamonti 540/1," An die Geliebte (""O daß ich dir vom stillen Auge"")",D major, v pf,Vocal,"WoO 140 No. 1, Biamonti 540/1",1811.0,0.0,D,,major,Song,other
,WoO 140 No. 2,,Biamonti 540/2," An die Geliebte (""O daß ich dir vom stillen Auge"")",D major, v pf,Vocal,"WoO 140 No. 2, Biamonti 540/2",1814.0,0.0,D,,major,Song,other
,WoO 141,,Biamonti 555," Der Gesang der Nachtigall (""Höre  die Nachtigall singt"""")",C major, v pf,Vocal,"WoO 141, Biamonti 555",1813.0,0.0,C,,major,Song,other
,WoO 142,,Biamonti 558," Der Bardengeist (""Dort auf dem hohen Felsen sang"")",E minor, v pf,Vocal,"WoO 142, Biamonti 558",1813.0,1.0,E,,minor,Song,other
,WoO 143,,Biamonti 589," Des Kriegers Abschied (""Ich zieh' ins Feld von Lieb'entbrannt"")",E flat major, v pf,Vocal,"WoO 143, Biamonti 589",1814.0,0.0,E flat,,major,Song,other
,WoO 144,,Biamonti 587, Merkenstein,E flat major, v pf,Vocal,"WoO 144, Biamonti 587",1814.0,0.0,E flat,,major,Song,other
,WoO 145,,Biamonti 642," Das Geheimnis (""Wo blüht das Blümchen  das nie verblüht?"")",G major, v pf,Vocal,"WoO 145, Biamonti 642",1815.0,0.0,G,,major,Song,other
,WoO 146,,Biamonti 648," Sehnsucht (""Die stille Nacht umdunkelt"")",E major, v pf,Vocal,"WoO 146, Biamonti 648",1816.0,0.0,E,,major,Song,other
,WoO 147,,Biamonti 658," Ruf vom Berge (""Wenn ich ein Vöglein wär"")",A major, v pf,Vocal,"WoO 147, Biamonti 658",1816.0,0.0,A,,major,Song,other
,WoO 148,,Biamonti 670," So oder So (""Nord oder Süd!"")",F major, v pf,Vocal,"WoO 148, Biamonti 670",1817.0,0.0,F,,major,Song,other
,WoO 149,,Biamonti 679," Resignation (""Lisch aus  mein Licht!"")",D major, v pf,Vocal,"WoO 149, Biamonti 679",1817.0,0.0,D,,major,Song,other
,WoO 150,,Biamonti 722," Abendlied unter'm gestirnten Himmel (""Wenn die Sonne nieder sinket"")",E major, v pf,Vocal,"WoO 150, Biamonti 722",1820.0,0.0,E,,major,Song,other
,WoO 151,Hess 132,Biamonti 768, Der edle Mensch sei hilfreich und gut,G major, v pf,Vocal,"WoO 151, Biamonti 768",1823.0,0.0,G,,major,Song,other
,WoO 152,,Biamonti 561, Irish Songs(25),unknown, vv vn vc pf,Vocal,"WoO 152, Biamonti 561",1812.0,,unknown,,unknown key,Song,other
,WoO 153,,Biamonti 563, Irish Songs (20),unknown, vv vn vc pf,Vocal,"WoO 153, Biamonti 563",1813.0,,unknown,,unknown key,Song,other
,WoO 154,,Biamonti 565, Irish Songs (12),unknown, vv vn vc pf,Vocal,"WoO 154, Biamonti 565",1813.0,,unknown,,unknown key,Song,other
,WoO 155,,Biamonti 533, Welsh Songs (26),unknown, vv vn vc pf,Vocal,"WoO 155, Biamonti 533",1815.0,,unknown,,unknown key,Song,other
,WoO 156,,Biamonti 691, Scottish Songs (12),unknown, vv vn vc pf,Vocal,"WoO 156, Biamonti 691",1819.0,,unknown,,unknown key,Song,other
,WoO 157,,Biamonti 612, Songs of Various Nationalities (12),unknown, vv (ch) vn vc pf,Vocal,"WoO 157, Biamonti 612",1820.0,,unknown,,unknown key,Song,other
,WoO 158a,,Biamonti 663, Songs of Various Nationalities (23),unknown, vv vn vc pf,Vocal,"WoO 158a, Biamonti 663",1817.0,,unknown,,unknown key,Song,other
,WoO 158b,,Biamonti 667, British Folk Songs (7),unknown, vv vn vc pf,Vocal,"WoO 158b, Biamonti 667",1817.0,,unknown,,unknown key,Song,other
,WoO 158c,,Biamonti 692, Assorted Folk Songs (6),unknown, vv vn vc pf,Vocal,"WoO 158c, Biamonti 692",1820.0,,unknown,,unknown key,Song,other
,WoO 158d,,, Air Français,F major, vv vn vc pf,Vocal,WoO 158d,,0.0,F,,major,Song,other
,WoO 159,,Biamonti 83, Im Arm der Liebe ruht sich's wohl  canon,F major, 3vv,Vocal,"WoO 159, Biamonti 83",1795.0,0.0,F,,major,Canon,other
,WoO 160a,Hess 247,Biamonti 85, Canon,G major, 3vv,Vocal,"WoO 160a, Biamonti 85",1795.0,0.0,G,,major,Canon,other
,WoO 160b,Hess 248,Biamonti 86, Canon,G major, 4vv,Vocal,"WoO 160b, Biamonti 86",1795.0,0.0,G,,major,Canon,other
,WoO 161,,Biamonti 528, Ewig dein'  canon',C major, 3vv,Vocal,"WoO 161, Biamonti 528",1811.0,0.0,C,,major,Canon,other
,WoO 162,,Biamonti 646," An Mälzel(""Ta ta ta  lieber Mälzel"")  canon",B flat major, 4vv,Vocal,"WoO 162, Biamonti 646",,0.0,B flat,,major,Canon,other
,WoO 163,,Biamonti 559, Kurz ist der Schmerz  und ewig ist die Freude'  canon',F minor, 3vv,Vocal,"WoO 163, Biamonti 559",1813.0,1.0,F,,minor,Canon,other
,WoO 164,,Biamonti 579, Freundschaft ist die Quelle wahrer Glückseligkeit  canon,C major, 3vv,Vocal,"WoO 164, Biamonti 579",1814.0,0.0,C,,major,Canon,other
,WoO 165,,Biamonti 593, Glück zum neuen Jahr  canon,D major, 4vv,Vocal,"WoO 165, Biamonti 593",1815.0,0.0,D,,major,Canon,other
,WoO 166,,Biamonti 594, Kurz ist der Schmerz  und ewig ist die Freude  canon,F major, 3vv,Vocal,"WoO 166, Biamonti 594",1815.0,0.0,F,,major,Canon,other
,WoO 167,Hess 249,Biamonti 610, Brauchle  Linke,C major, 3vv,Vocal,"WoO 167, Biamonti 610",1815.0,0.0,C,,major,Song,other
,WoO 168a,,Biamonti 649, Das Schweigen  canon,D minor, 3vv,Vocal,"WoO 168a, Biamonti 649",1816.0,1.0,D,,minor,Canon,other
,WoO 168b,,Biamonti 650, Das Reden  canon,F major, 3vv,Vocal,"WoO 168b, Biamonti 650",1816.0,0.0,F,,major,Canon,other
,WoO 169,Hess 250,Biamonti 647, Ich küße Sie  drücke Sie an mein Herz  canon,C major, 2vv,Vocal,"WoO 169, Biamonti 647",1816.0,0.0,C,,major,Canon,other
,WoO 170,Hess 251,Biamonti 651, Ars longa  vita brevis  canon,C major, 2vv,Vocal,"WoO 170, Biamonti 651",1816.0,0.0,C,,major,Canon,other
,WoO 171,Hess 252,Biamonti 683, Glück fehl' dir vor allem!  canon,G major, 4vv,Vocal,"WoO 171, Biamonti 683",,0.0,G,,major,Canon,other
,WoO 172,,Biamonti 695, Ich bitt' dich  canon,E flat major, 3vv,Vocal,"WoO 172, Biamonti 695",1818.0,0.0,E flat,,major,Canon,other
,WoO 173,Hess 253,Biamonti 711, Hol' euch der Teufel!,B flat major, 2vv,Vocal,"WoO 173, Biamonti 711",1819.0,0.0,B flat,,major,Song,other
,WoO 174,,Biamonti 712, Glaube und hoffe  canon,B flat major, 4vv,Vocal,"WoO 174, Biamonti 712",1819.0,0.0,B flat,,major,Canon,other
,WoO 175,Hess 255,Biamonti 715, Sankt Petrus war ein Fels  canon,unknown, 4vv,Vocal,"WoO 175, Biamonti 715",1820.0,,unknown,,unknown key,Canon,other
,WoO 176,,Biamonti 716, Glück zum neuen Jahr  canon,F major, 3vv,Vocal,"WoO 176, Biamonti 716",1819.0,0.0,F,,major,Canon,other
,WoO 177,Hess 257,Biamonti 734, Bester Magistrat  Ihr friert  canon,E major, 4vv 2db,Vocal,"WoO 177, Biamonti 734",1820.0,0.0,E,,major,Canon,other
,WoO 178,,Biamonti 733," Abbé Stadler (""Signor Abate"")  canon",B flat major, 3vv,Vocal,"WoO 178, Biamonti 733",1820.0,0.0,B flat,,major,Canon,other
,WoO 179,,Biamonti 717," Alles Gute  alles Schöne! (""Seiner Kaiserlichen Hoheit"")  canon",C major, 4vv,Vocal,"WoO 179, Biamonti 717",1819.0,0.0,C,,major,Canon,other
,WoO 180,,Biamonti 724," Hofmann und kein Hofmann (""Auf einen  welcher Hoffmann geheißen"")  canon",C major, 2vv,Vocal,"WoO 180, Biamonti 724",1820.0,0.0,C,,major,Canon,other
,WoO 181 No. 1,,Biamonti 749, Gedenket heute an Baden  canon,C major, 4vv,Vocal,"WoO 181 No. 1, Biamonti 749",1820.0,0.0,C,,major,Canon,other
,WoO 181 No. 2,Hess 258,Biamonti 750, Gehabt euch wohl  canon,C major, 4vv,Vocal,"WoO 181 No. 2, Biamonti 750",1820.0,0.0,C,,major,Canon,other
,WoO 181 No. 3,Hess 259,Biamonti 751, Tugend ist kein leerer Name  canon,C major, 3vv,Vocal,"WoO 181 No. 3, Biamonti 751",1820.0,0.0,C,,major,Canon,other
,WoO 182,,Biamonti 737, O Tobias!  canon,D minor, 3vv,Vocal,"WoO 182, Biamonti 737",1821.0,1.0,D,,minor,Canon,other
,WoO 183,,Biamonti 770, Bester Herr Graf  canon,F major, 4vv,Vocal,"WoO 183, Biamonti 770",1823.0,0.0,F,,major,Canon,other
,WoO 184,Hess 262,Biamonti 773, Falstafferel  lass dich sehen!  canon,G major, 5vv,Vocal,"WoO 184, Biamonti 773",1823.0,0.0,G,,major,Canon,other
,WoO 185,,Biamonti 775, Edel sei der Mensch  canon,E major, 6vv,Vocal,"WoO 185, Biamonti 775",1823.0,0.0,E,,major,Canon,other
,WoO 186,,Biamonti 789, Te solo adoro  canon,E flat major, 2vv,Vocal,"WoO 186, Biamonti 789",1824.0,0.0,E flat,,major,Canon,other
,WoO 187,,Biamonti 792," Schwenke (""Schwenke dich ohne Schwänke"")  canon",D minor, 4vv,Vocal,"WoO 187, Biamonti 792",1824.0,1.0,D,,minor,Canon,other
,WoO 188,Hess 265,Biamonti 802, Gott ist eine feste Burg  canon,B flat major, 2vv,Vocal,"WoO 188, Biamonti 802",1825.0,0.0,B flat,,major,Canon,other
,WoO 189,Hess 266,Biamonti 805, Doktor sperrt das Tor dem Tod  canon,C major, 4vv,Vocal,"WoO 189, Biamonti 805",1825.0,0.0,C,,major,Canon,other
,WoO 190,Hess 267,Biamonti 807, Ich war hier  Doktor  canon,C major, 2vv,Vocal,"WoO 190, Biamonti 807",1825.0,0.0,C,,major,Canon,other
,WoO 191,,Biamonti 823, Kühl  nicht lau  canon,B flat major, 3vv,Vocal,"WoO 191, Biamonti 823",1825.0,0.0,B flat,,major,Canon,other
,WoO 192,Hess 268,Biamonti 824, Ars longa  vita brevis,F major, 4vv,Vocal,"WoO 192, Biamonti 824",1825.0,0.0,F,,major,Song,other
,WoO 193,Hess 269,Biamonti 833, Ars longa  vita brevis,C major,,Vocal,"WoO 193, Biamonti 833",1825.0,0.0,C,,major,Song,other
,WoO 194,,Biamonti 827, Si non per portas  canon,E flat major, 4vv,Vocal,"WoO 194, Biamonti 827",1825.0,0.0,E flat,,major,Canon,other
,WoO 195,,Biamonti 831, Freu dich des Lebens,A minor, 2vv,Vocal,"WoO 195, Biamonti 831",1825.0,1.0,A,,minor,Song,other
,WoO 196,Hess 270,Biamonti 834, Es muß sein!  canon,F major, 4vv,Vocal,"WoO 196, Biamonti 834",1826.0,0.0,F,,major,Canon,other
,WoO 197,Hess 271,Biamonti 842, Da ist das Werk  canon,C major, 5vv,Vocal,"WoO 197, Biamonti 842",1826.0,0.0,C,,major,Canon,other
,WoO 198,Hess 280,Biamonti 848, Wir irren allesamt  canon,C major, 2vv,Vocal,"WoO 198, Biamonti 848",1826.0,0.0,C,,major,Canon,other
,WoO 199,Hess 281,Biamonti 585, Ich bin der Herr von zu,D major, v,Vocal,"WoO 199, Biamonti 585",1814.0,0.0,D,,major,Song,other
,WoO 200,Hess 75,Biamonti 688, O Hoffnung,G major, pf,Keyboard,"WoO 200, Biamonti 688",1818.0,0.0,G,,major,Other,other
,WoO 201,Hess 282,Biamonti 689, Ich bin bereit,C major, pf,Keyboard,"WoO 201, Biamonti 689",1818.0,0.0,C,,major,Other,other
,WoO 202,Hess 283,Biamonti 778, Das Schöne zum Guten!  canon,F major, v,Vocal,"WoO 202, Biamonti 778",1823.0,0.0,F,,major,Canon,other
,WoO 203,Hess 272,Biamonti 804, Das Schöne zum Guten!  canon,A major, v,Vocal,"WoO 203, Biamonti 804",1825.0,0.0,A,,major,Canon,other
,WoO 204,Hess 284,Biamonti 826, Holz  Holz geigt die Quartette so,D minor, v,Vocal,"WoO 204, Biamonti 826",1825.0,1.0,D,,minor,Song,other
,WoO 205,Hess 286-295,, Musical Greetings(10),unknown, v,Vocal,WoO 205,1718.0,,unknown,,unknown key,Song,other
,WoO Anh.04,,, Flute Sonata,B flat major, fl pf,Chamber,WoO Anh.04,1792.0,0.0,B flat,,major,Sonata for other instruments,other
,WoO Anh.05,,, Sonatinas (2),unknown, pf,Keyboard,WoO Anh.05,1792.0,,unknown,,unknown key,Sonata for Piano,other
,WoO Anh.10,,, Variations on 'Ich hab ein kleines Hüttchen nur',B flat major, pf,Keyboard,WoO Anh.10,1795.0,0.0,B flat,,major,Piano variations,other
,WoO Anh.14,,, Waltzes (6),unknown, pf,Keyboard,WoO Anh.14,,,unknown,,unknown key,Waltz for Piano,other
,,Hess 19,Biamonti 129, Wind Quintet,E flat major, ob bn 2hn,Chamber,"Hess 19, Biamonti 129",1796.0,0.0,E flat,,major,Quintet,other
,,Hess 29,Biamonti 80, Prelude and Fugue,E minor, 2vn vc,Chamber,"Hess 29, Biamonti 80",1795.0,1.0,E,,minor,Other,other
,,Hess 30,Biamonti 80, Prelude and Fugue,F major, 2vn va vc,Chamber,"Hess 30, Biamonti 80",1795.0,0.0,F,,major,Other,other
,,Hess 40,Biamonti 684, String Quintet,D minor, 2vn 2va vc,Chamber,"Hess 40, Biamonti 684",1817.0,1.0,D,,minor,Quintet,other
,,Hess 91,," Opferlied (""Die Flamme lodert"")",E major, v ch pf,Vocal,Hess 91,1824.0,0.0,E,,major,Song,other
,,Hess 145,Biamonti 117," Opferlied (""Die Flamme lodert"")",E major, v pf,Vocal,"Hess 145, Biamonti 117",1796.0,0.0,E,,major,Song,other
,,Hess 238,Biamonti 80, 9 Fugues for 4 Voices,unknown, 4open,Chamber,"Hess 238, Biamonti 80",1795.0,,unknown,,unknown key,Quartet (except String Quartet),other
,,Hess 244,Biamonti 80, Triple Fugues (2),unknown, 4open,Chamber,"Hess 244, Biamonti 80",1795.0,,unknown,,unknown key,Other,other
,,Hess Anh.10,, Andante favori,F major, 2vn va vc,Chamber,Hess Anh.10,,0.0,F,,major,Other,other
,,,Biamonti 838, Symphony No.10,E flat major,,Orchestral,", Biamonti 838",1825.0,0.0,E flat,,major,Symphony,other
,,,15,"Song ""Der Arme Componist"" ",unknown,,Vocal,Biamonti 15,1788.0,,unknown,,unknown key,Song,other
,,,16,Cello part to the Lost Cadenza for Leopold Cantata WoO 88,unknown,,Vocal,Biamonti 16,,,unknown,,unknown key,Cantata,other
,,,43,"Song ""Meine Mutter fragt mich immer: trinkst du?""",unknown,,Vocal,Biamonti 43,1792.0,,unknown,,unknown key,Song,other
,,,48,Anglaise for piano for G minor ,G minor,,Keyboard,Biamonti 48,1792.0,1.0,G,,minor,Other,other
,,,238,Presto in F major ,F major,,,Biamonti 238,1800.0,0.0,F,,major,,other
,,,249,Minuet for orchestra in D major ,D major,,Orchestral,Biamonti 249,1800.0,0.0,D,,major,Minuet,other
,,,252,Minuet for orchestra in D major ,D major,,Orchestral,Biamonti 252,1800.0,0.0,D,,major,Minuet,other
,,,269,Andante molto for piano in E flat major,E flat major,,Keyboard,Biamonti 269,,0.0,E flat,,major,Other,other
,,,272,Andante for piano in B flat major ,B flat major,,Keyboard,Biamonti 272,1793.0,0.0,B flat,,major,Other,other
,,,274,Andante for String Quartet in C major ,C major,,Chamber,Biamonti 274,1793.0,0.0,C,,major,String Quartet,other
,,,277,Presto for piano in G major ,G major,,Keyboard,Biamonti 277,1793.0,0.0,G,,major,Other,other
,,,279,Allegro for piano in C major ,C major,,Keyboard,Biamonti 279,1793.0,0.0,C,,major,Other,other
,,,291,Andante for a symphony ,unknown,,Orchestral,Biamonti 291,1801.0,,unknown,,unknown key,Symphony,other
,,,319,Finale for piano ,unknown,,Keyboard,Biamonti 319,1802.0,,unknown,,unknown key,Other,other
,,,322,Piece for piano in C minor ,C minor,,Keyboard,Biamonti 322,1802.0,1.0,C,,minor,Other,other
,,,323,Piece for piano ,unknown,,Keyboard,Biamonti 323,1802.0,,unknown,,unknown key,Other,other
,,,346,Fuga Antique for piano in C major ,C major,,Keyboard,Biamonti 346,1803.0,0.0,C,,major,Fugue for Piano,other
,,,347,Passage for piano through all the keys ,unknown,,Keyboard,Biamonti 347,1803.0,,unknown,,unknown key,Other,other
,,,359,"Rondo for ""all the instruments"" ",unknown,,,Biamonti 359,1803.0,,unknown,,unknown key,,other
,,,380,"Song ""Zur Erde sank die Ruh’ vom Himmel Nieder"" ",unknown,,Vocal,Biamonti 380,1803.0,,unknown,,unknown key,Song,other
,,,383,Exercise for piano,unknown,,Keyboard,Biamonti 383,,,unknown,,unknown key,Other,other
,,,389,Piece viola and cello and horn & double bass ,unknown,,Chamber,Biamonti 389,1803.0,,unknown,,unknown key,Quartet (except String Quartet),other
,,,392,Rondo for piano ,unknown,,Keyboard,Biamonti 392,1803.0,,unknown,,unknown key,Rondo for Piano,other
,,,447,Passage for piano ,unknown,,Keyboard,Biamonti 447,1808.0,,unknown,,unknown key,Other,other
,,,547,Symphony No. 8 with the original ending of Hess 1 ,unknown,,Orchestral,Biamonti 547,1812.0,,unknown,,unknown key,Symphony,other
,,,606,Andante for pizzicati basses with clarinets in B minor ,B minor,,Chamber,Biamonti 606,1815.0,1.0,B,,minor,Other,other
,,,621,Allemande for piano ,unknown,,Keyboard,Biamonti 621,1815.0,,unknown,,unknown key,Other,other
,,,622,Pastorella for piano in C major ,C major,,Keyboard,Biamonti 622,1815.0,0.0,C,,major,Other,other
,,,624,Etude. study of prosody on a text of Homer ,unknown,,,Biamonti 624,1815.0,,unknown,,unknown key,,other
,,,632,"Song ""Die Zufrieddenheit"" ",unknown,,Vocal,Biamonti 632,1815.0,,unknown,,unknown key,Song,other
,,,634,German dance for piano trio in F minor ,F minor,,Chamber,Biamonti 634,1815.0,1.0,F,,minor,Piano Trio,other
,,,638,Exercise for piano ,unknown,,Keyboard,Biamonti 638,1815.0,,unknown,,unknown key,Other,other
,,,797,Adagio for String Quartet in E major ,E major,,Chamber,Biamonti 797,1824.0,0.0,E,,major,String Quartet,other
,,,811,Canon in C minor ,C minor,,,Biamonti 811,1825.0,1.0,C,,minor,,other
,,,849,Draft for piano (last notes written by Beethoven) ,unknown,,Keyboard,Biamonti 849,1827.0,,unknown,,unknown key,Other,other
,,3,,Twelve Ecossaise for piano or orchestra,unknown,,Orchestral,Hess 3,,,unknown,,unknown key,Other,other
,,11,,Romance No. 3 for violin & orchestra ,unknown,,Orchestral,Hess 11,1816.0,,unknown,,unknown key,Other works for soloist and orchestra,other
,,14,,Fragment of original version of Piano Concerto No. 2 ,unknown,,Orchestral,Hess 14,1794.0,,unknown,,unknown key,Concerto,other
,,16,,Original introduction to the Choral Fantasy ,unknown,,,Hess 16,1808.0,,unknown,,unknown key,,other
,,25,,String Trio ,unknown,,Chamber,Hess 25,1793.0,,unknown,,unknown key,Trio (except Piano Trio),other
,,28,,Movement in A flat major for string trio ,A flat major,,Chamber,Hess 28,1797.0,0.0,A flat,,major,Trio (except Piano Trio),other
,,32,,String Quartet in F major ,F major,,Chamber,Hess 32,1799.0,0.0,F,,major,String Quartet,other
,,34,,String Quartet arrangement of Opus 14 No. 1 ,unknown,,Chamber,Hess 34,1801.0,,unknown,,unknown key,String Quartet,other
,,35,,Bach fugue arranged for string quartet (fragment) ,unknown,,Chamber,Hess 35,1817.0,,unknown,,unknown key,String Quartet,other
,,36,,Handel fugue arranged for string quartet ,unknown,,Chamber,Hess 36,1798.0,,unknown,,unknown key,String Quartet,other
,,37,,Mozart fugue arranged for piano four hands,unknown,,Keyboard,Hess 37,,,unknown,,unknown key,Fugue for Piano,other
,,38,,Bach fugue arranged for string quartet ,unknown,,Chamber,Hess 38,1801.0,,unknown,,unknown key,String Quartet,other
,,39,,String Quintet in F major (lost),F major,,Chamber,Hess 39,,0.0,F,,major,Quintet,other
,,47,,Allegro con brio in E flat major for piano trio ,E flat major,,Chamber,Hess 47,1800.0,0.0,E flat,,major,Piano Trio,other
,,49,,Piano Trio in E flat major ,E flat major,,Chamber,Hess 49,1786.0,0.0,E flat,,major,Piano Trio,other
,,50,,Piano Trio in B flat major ,B flat major,,Chamber,Hess 50,1786.0,0.0,B flat,,major,Piano Trio,other
,,52,,Piano Sonata in C major,C major,,Keyboard,Hess 52,,0.0,C,,major,Sonata for Piano,other
,,54,,Piano variations on Freudvoll und Liedvoll,unknown,,Keyboard,Hess 54,,,unknown,,unknown key,Piano variations,other
,,57,,Bagatelle in C major ,C major,,,Hess 57,1824.0,0.0,C,,major,,other
,,58,,Piano Exercise in B flat major ,B flat major,,Keyboard,Hess 58,1800.0,0.0,B flat,,major,Other,other
,,59,,Piano Exercise in C major ,C major,,Keyboard,Hess 59,1792.0,0.0,C,,major,Other,other
,,60,,Draft in A major for Piano ,A major,,Keyboard,Hess 60,1793.0,0.0,A,,major,Other,other
,,63,,"Arrangement of Christian Friedrich Daniel Schubart's ""Kaplied"" for piano ",unknown,,Keyboard,Hess 63,1789.0,,unknown,,unknown key,Other,other
,,65,,Concerto excerpt (arrangement of Opus 37) ,unknown,,Orchestral,Hess 65,1820.0,,unknown,,unknown key,Concerto,other
,,67,,Two German dances for piano ,unknown,,Keyboard,Hess 67,1811.0,,unknown,,unknown key,Other,other
,,69,,Allegretto for piano in C minor ,C minor,,Keyboard,Hess 69,1794.0,1.0,C,,minor,Other,other
,,70,,Adagio for piano in G major ,G major,,Keyboard,Hess 70,1803.0,0.0,G,,major,Other,other
,,71,,Molto adagio for piano in G major ,G major,,Keyboard,Hess 71,1803.0,0.0,G,,major,Other,other
,,72,,Variations for piano in A major ,A major,,Keyboard,Hess 72,1803.0,0.0,A,,major,Piano variations,other
,,76,,Cadenzas for Piano ,unknown,,Keyboard,Hess 76,1809.0,,unknown,,unknown key,Cadenza for Piano,other
,,77,,Cadenzas for Piano ,unknown,,Keyboard,Hess 77,1809.0,,unknown,,unknown key,Cadenza for Piano,other
,,78,,Cadenzas for Piano ,unknown,,Keyboard,Hess 78,1809.0,,unknown,,unknown key,Cadenza for Piano,other
,,79,,Cadenzas for Piano ,unknown,,Keyboard,Hess 79,1809.0,,unknown,,unknown key,Cadenza for Piano,other
,,80,,Cadenzas for Piano ,unknown,,Keyboard,Hess 80,1809.0,,unknown,,unknown key,Cadenza for Piano,other
,,81,,Cadenzas for Piano ,unknown,,Keyboard,Hess 81,1809.0,,unknown,,unknown key,Cadenza for Piano,other
,,82,,Cadenzas for Piano ,unknown,,Keyboard,Hess 82,1809.0,,unknown,,unknown key,Cadenza for Piano,other
,,83,,Cadenzas for Piano ,unknown,,Keyboard,Hess 83,1809.0,,unknown,,unknown key,Cadenza for Piano,other
,,84,,Rondo for piano,unknown,,Keyboard,Hess 84,,,unknown,,unknown key,Rondo for Piano,other
,,85,,Piano cadenza for Op. 61a,unknown,,Keyboard,Hess 85,,,unknown,,unknown key,Cadenza for Piano,other
,,88,,Minuet for piano (arrangement of WoO 208) ,unknown,,Keyboard,Hess 88,1790.0,,unknown,,unknown key,Minuet for Piano,other
,,90,,The Creatures of Prometheus for piano (arrangement of Op. 43) ,unknown,,Keyboard,Hess 90,1801.0,,unknown,,unknown key,Other,other
,,96,,Fragment of Symphony No. 7 for piano ,unknown,,Keyboard,Hess 96,1813.0,,unknown,,unknown key,Other,other
,,97,,Wellington's Victory for two pianos and two cannons (arrangement of Op. 91) ,unknown,,Keyboard,Hess 97,1816.0,,unknown,,unknown key,Other,other
,,98,,Scherzo for piano ,unknown,,Keyboard,Hess 98,1794.0,,unknown,,unknown key,Other,other
,,108,,Wellington's Victory (panharmonicon arrangement of Opus 91) ,unknown,,,Hess 108,1813.0,,unknown,,unknown key,,other
,,116,,"Fragment for Solo Voice(s): ""Ritterblatt""",unknown,,,Hess 116,,,unknown,,unknown key,,other
,,254,,"Canon in G major: ""Hol dich der Teufel"" ",G major,,,Hess 254,1801.0,0.0,G,,major,,other
,,274,,Canons in G major ,G major,,,Hess 274,1803.0,0.0,G,,major,,other
,,296,,Little Cadenza for Instrument(s) ,unknown,,,Hess 296,1822.0,,unknown,,unknown key,,other
,,297,,Adagio for three horns ,unknown,,Chamber,Hess 297,1815.0,,unknown,,unknown key,Trio (except Piano Trio),other
,,299,,Sketches for canons,unknown,,,Hess 299,,,unknown,,unknown key,,other
,,300,,Sketches for canons,unknown,,,Hess 300,,,unknown,,unknown key,,other
,,301,,Sketches for canons,unknown,,,Hess 301,,,unknown,,unknown key,,other
,,302,,Sketches for canons,unknown,,,Hess 302,,,unknown,,unknown key,,other
,,303,,Sketches for canons,unknown,,,Hess 303,,,unknown,,unknown key,,other
,,304,,Sketches for canons,unknown,,,Hess 304,,,unknown,,unknown key,,other
,,305,,Sketches for canons,unknown,,,Hess 305,,,unknown,,unknown key,,other
,,306,,Four canons. No.1,unknown,,,Hess 306,,,unknown,,unknown key,,other
,,307,,Four canons. No.2,unknown,,,Hess 307,,,unknown,,unknown key,,other
,,308,,Four canons. No.3,unknown,,,Hess 308,,,unknown,,unknown key,,other
,,309,,Four canons. No.4,unknown,,,Hess 309,,,unknown,,unknown key,,other
,,310,,Prelude in C major for Organ,C major,,,Hess 310,,0.0,C,,major,,other
,,311,,Two canons. No.1,unknown,,,Hess 311,,,unknown,,unknown key,,other
,,312,,Two canons. No.1,unknown,,,Hess 312,,,unknown,,unknown key,,other
,,313,,"Song: ""Te solo adoro"" ",unknown,,Vocal,Hess 313,1824.0,,unknown,,unknown key,Song,other
,,314,,Funeral Cantata ,unknown,,Vocal,Hess 314,,,unknown,,unknown key,Cantata,other
,,315,,Fugue,unknown,,,Hess 315,,,unknown,,unknown key,,other
,,316,,Quintet ,unknown,,Chamber,Hess 316,1793.0,,unknown,,unknown key,Quintet,other
,,318,,String Quintets,unknown,,Chamber,Hess 318,,,unknown,,unknown key,Quintet,other
,,319,,String Quintets,unknown,,Chamber,Hess 319,,,unknown,,unknown key,Quintet,other
,,320,,Andante for String Quartet in G major ,G major,,Chamber,Hess 320,1815.0,0.0,G,,major,String Quartet,other
,,321,,Melodies B flat major ,B flat major,,,Hess 321,1800.0,0.0,B flat,,major,,other
,,322,,Gott allein ist unser Herr er allein E flat major. ,E flat major,,,Hess 322,1818.0,0.0,E flat,,major,,other
,,323,,Leb wohl schöne Abendsonne C major ,C major,,,Hess 323,1818.0,0.0,C,,major,,other
,,324,,Melody C minor,C minor,,,Hess 324,,1.0,C,,minor,,other
,,325,,Piece for piano in D major ,D major,,Keyboard,Hess 325,1802.0,0.0,D,,major,Other,other
,,326,,Fugue for piano in C major ,C major,,Keyboard,Hess 326,1800.0,0.0,C,,major,Fugue for Piano,other
,,327,,Two little melodies ,unknown,,,Hess 327,1803.0,,unknown,,unknown key,,other
,,329,,Tibi gratulor,unknown,,,Hess 329,,,unknown,,unknown key,,other
,,330,,March,unknown,,,Hess 330,,,unknown,,unknown key,,other
,,331,,Minuet for piano in B flat major,B flat major,,Keyboard,Hess 331,,0.0,B flat,,major,Minuet for Piano,other
,,332,,Pastorella for String Quartet in D major ,D major,,Chamber,Hess 332,1799.0,0.0,D,,major,String Quartet,other
,,333,,Minuet-Scherzo for String Quartet in A major ,A major,,Chamber,Hess 333,1799.0,0.0,A,,major,String Quartet,other
,,334,,Draft for String Quartet in A major ,A major,,Chamber,Hess 334,1799.0,0.0,A,,major,String Quartet,other
,,335,,"Two exercises on the song ""Gedenke Mein""",unknown,,Vocal,Hess 335,,,unknown,,unknown key,Song,other
,,298.0,,Symphony in C minor,C minor,,Orchestral,Hess 298,1786.0,1.0,C,1.0,minor,Symphony,other
,,,832.0,Sketches for a BACH Overture,B flat major,,,"Unv. 4, Biamonti 832",1822.0,0.0,B flat,4.0,major,,other
,,,,Concertante,D major,,,Unv. 5,1802.0,0.0,D,5.0,major,,other
,,15.0,,Piano Concerto No. 6,D major,,Orchestral,Hess 15,1814.0,0.0,D,6.0,major,Concerto,other
,,,,Duo for Violin and Cello,E flat major,,Chamber,Unv. 8,1792.0,0.0,E flat,8.0,major,Duo,other
,,48.0,,Allegretto for Piano Trio,E flat major,,Chamber,Hess 48,1790.0,0.0,E flat,9.0,major,Piano Trio,other
,,,637.0,Piano Trio in F minor,F minor,,Chamber,"Unv. 10, Biamonti 637",1816.0,1.0,F,10.0,minor,Piano Trio,other
,,,213.0,Fantasia/Piano Sonata,D major,,Keyboard,"Unv. 12, Biamonti 213",1793.0,0.0,D,12.0,major,Sonata for Piano,other
,,46.0,,Violin Sonata,A major,,Chamber,Hess 46,1790.0,0.0,A,11.0,major,Sonata for Violin,other
,,,,Piano Sonata,E flat major,,Keyboard,Unv. 13,1797.0,0.0,E flat,13.0,major,Sonata for Piano,other
,,,,Variations for Piano,A major,,Keyboard,Unv. 14,1794.0,0.0,A,14.0,major,Piano variations,other
,,115.0,,Opera Vestas Feuer,unknown,,,Hess 115,1803.0,0.0,unknown,15.0,major,,other
,,,454.0,Opera Macbeth,unknown,,,"Unv. 16, Biamonti 454",1808.0,0.0,unknown,16.0,major,,other
,,317.0,,Cantata Europens Befreiungsstunde,unknown,,Vocal,Hess 317,1814.0,0.0,unknown,17.0,major,Cantata,other
,,,,Cantata for voice and piano,B flat major,,Vocal,Unv. 19,1790.0,0.0,B flat,19.0,major,Cantata,other
,,,,Lamentations of Jeremiah,unknown,,,Unv. 20,,0.0,unknown,20.0,major,,other
,,151.0,,"Song ""Traute Henriette""",unknown,,Vocal,Hess 151,1790.0,0.0,unknown,21.0,major,Song,other
,,149.0,,"Song ""Rastlose Liebe""",E flat major,,Vocal,Hess 149,1796.0,0.0,E flat,22.0,major,Song,other
,,150.0,,"Song ""Heidenröslein""",unknown,,Vocal,Hess 150,1796.0,0.0,unknown,23.0,major,Song,other
,206,12.0,,Oboe Concerto,F major,,Orchestral,WoO 206,1792.0,0.0,F,,major,Concerto,other
,207,13.0,,Romance cantabile for soloists and orchestra,E moll,,Orchestral,WoO 207,1786.0,0.0,E,,major,Other works for soloist and orchestra,other
,209,33.0,,Minuet for string quartet,A flat major,,Chamber,WoO 209,1790.0,0.0,A flat,,major,String Quartet,other
,210,,,Allegretto for string quartet,B minor,,Chamber,WoO 210,1817.0,1.0,B,,minor,String Quartet,other
,211,,52.0,Andante,C major,,,"WoO 211, Biamonti 52",1790.0,0.0,C,,major,,other
,212,61.0,,Anglaise for piano,D major,,Keyboard,WoO 212,1793.0,0.0,D,,major,Other,other
,213 No.1,,283.0,Andante (bagatelle,C sharp major,,,"WoO 213 No.1, Biamonti 283",1793.0,0.0,C sharp,,major,,other
,213 No.2,,282.0,Finale (bagatelle),G major,,,"WoO 213 No.2, Biamonti 282",1793.0,0.0,G,,major,,other
,213 No.3,,275.0,Rondo (bagatelle),A major,,,"WoO 213 No.3, Biamonti 275",1793.0,0.0,A,,major,,other
,214,69.0,,Allegretto (bagatelle),C minor,,,WoO 214,1794.0,1.0,C,,minor,,other
,215,64.0,,Fugue , C major,,,WoO 215,1795.0,0.0, C,,major,,other
,216 No.1,73.0,,Bagatelle for piano,C major,,Keyboard,WoO 216 No.1,1800.0,0.0,C,,major,Bagatelle,other
,216 No.2,74.0,,Bagatelle,E flat major,,,WoO 216 No.2,1800.0,0.0,E flat,,major,,other
,218,,74.0,Minuet,C major,,,"WoO 218, Biamonti 74",1793.0,0.0,C,,major,,other
,219,68.0,,Waltz or Ländler,C minor,,,WoO 219,1803.0,1.0,C,,minor,,other
,220,123.0,,Kriegslied für die verbündeten Heere (lost),unknown,,Vocal,WoO 220,1813.0,,unknown,,unknown key,Song,other
,221,276.0,,Canon Herr Graf,unknown,,,WoO 221,1796.0,,unknown,,unknown key,,other
,222,275.0,,Canon,A flat major,,,WoO 222,1803.0,0.0,A flat,,major,,other
,223,,752.0,Thut auf,C major,,,"WoO 223, Biamonti 752",1820.0,0.0,C,,major,,other
,224,,,Cacatum non est Pictum,B flat major,,,WoO 224,1820.0,0.0,B flat,,major,,other
,225,303.0,,Grossen Dank für solche Gnade,unknown,,,WoO 225,1823.0,,unknown,,unknown key,,other
,226,260.0,,Fettlümerl und Bankert haben triumphirt,unknown,,,WoO 226,1823.0,,unknown,,unknown key,,other
,227,277.0,,"Musical joke ""Esel aller Esel""",F major,,,WoO 227,1826.0,0.0,F,,major,,other
,228 No.1,,,"Musical joke ""Ah Tobias""",unknown,,,WoO 228 No.1,1825.0,,unknown,,unknown key,,other
,228 No.2,285.0,,"Musical joke ""Tobias""",unknown,,,WoO 228 No.2,1824.0,,unknown,,unknown key,,other
