Op.,WoO,Hess,Biamonti,Title,Key,Scoring,Genre,Comments,name,year,minor,key_note
Op. 1 No. 1,,,Biamonti 62/1, Piano Trios : Piano Trio,E flat major, vn vc pf,Chamber, NaN,"Op. 1 No. 1, Biamonti 62/1",1793.0,0.0,E flat
Op. 1 No. 2,,,Biamonti 62/2, Piano Trios : Piano Trio,G major, vn vc pf,Chamber, NaN,"Op. 1 No. 2, Biamonti 62/2",1794.0,0.0,G
Op. 1 No. 3,,,Biamonti 62/3, Piano Trios : Piano Trio,C minor, vn vc pf,Chamber, arr. for 2vn va vc as Op.104,"Op. 1 No. 3, Biamonti 62/3",1794.0,1.0,C
Op. 2 No. 1,,,Biamonti 87/1, Piano Sonatas : Piano Sonata No.1,F minor, pf,Keyboard, NaN,"Op. 2 No. 1, Biamonti 87/1",1795.0,1.0,F
Op. 2 No. 2,,,Biamonti 87/2, Piano Sonatas : Piano Sonata No.2,A major, pf,Keyboard, NaN,"Op. 2 No. 2, Biamonti 87/2",1795.0,0.0,A
Op. 2 No. 3,,,Biamonti 87/3, Piano Sonatas : Piano Sonata No.3,C major, pf,Keyboard, NaN,"Op. 2 No. 3, Biamonti 87/3",1795.0,0.0,C
Op. 3,,,Biamonti 105, String Trio,E flat major, vn va vc,Chamber, see also Op.64,"Op. 3, Biamonti 105",1794.0,0.0,E flat
Op. 4,,,Biamonti 115, String Quintet,E flat major, 2vn 2va vc,Chamber, based on Op.103; see also Op.63,"Op. 4, Biamonti 115",1795.0,0.0,E flat
Op. 5 No. 1,,,Biamonti 106/1, Cello Sonatas :  Cello Sonata No.1,F major, vc pf,Chamber, NaN,"Op. 5 No. 1, Biamonti 106/1",1796.0,0.0,F
Op. 5 No. 2,,,Biamonti 106/2, Cello Sonatas :  Cello Sonata No.2,G minor, vc pf,Chamber, NaN,"Op. 5 No. 2, Biamonti 106/2",1796.0,1.0,G
Op. 6,,,Biamonti 134, Sonata for Piano Four Hands in D major,D major, pf4h,Keyboard, NaN,"Op. 6, Biamonti 134",1797.0,0.0,D
Op. 7,,,Biamonti 136, Piano Sonata No.4 ('Grand Sonata'),E flat major, pf,Keyboard, NaN,"Op. 7, Biamonti 136",1797.0,0.0,E flat
Op. 8,,,Biamonti 135, Serenade,D major, vn va vc,Chamber, NaN,"Op. 8, Biamonti 135",1797.0,0.0,D
Op. 9 No. 1,,,Biamonti 153/1, String Trios : String Trio,G major, vn va vc,Chamber, NaN,"Op. 9 No. 1, Biamonti 153/1",1798.0,0.0,G
Op. 9 No. 2,,,Biamonti 153/2, String Trios : String Trio,D major, vn va vc,Chamber, NaN,"Op. 9 No. 2, Biamonti 153/2",1798.0,0.0,D
Op. 9 No. 3,,,Biamonti 153/3, String Trios : String Trio,C minor, vn va vc,Chamber, NaN,"Op. 9 No. 3, Biamonti 153/3",1798.0,1.0,C
Op. 10 No. 1,,,Biamonti 157/1, Piano Sonatas : Piano Sonata No.5,C minor, pf,Keyboard, NaN,"Op. 10 No. 1, Biamonti 157/1",1797.0,1.0,C
Op. 10 No. 2,,,Biamonti 157/2, Piano Sonatas : Piano Sonata No.6,F major, pf,Keyboard, NaN,"Op. 10 No. 2, Biamonti 157/2",1797.0,0.0,F
Op. 10 No. 3,,,Biamonti 157/3, Piano Sonatas : Piano Sonata No.7,D major, pf,Keyboard, NaN,"Op. 10 No. 3, Biamonti 157/3",1798.0,0.0,D
Op. 11,,,Biamonti 156, Trio in B-flat major ('Gassenhauer'),B flat major, cl/vn vc pf,Chamber, NaN,"Op. 11, Biamonti 156",1798.0,0.0,B flat
Op. 12 No. 1,,,Biamonti 165/1, Violin Sonatas : Violin Sonata No.1,D major, vn pf,Chamber, NaN,"Op. 12 No. 1, Biamonti 165/1",1798.0,0.0,D
Op. 12 No. 2,,,Biamonti 165/2, Violin Sonatas : Violin Sonata No.2,A major, vn pf,Chamber, NaN,"Op. 12 No. 2, Biamonti 165/2",1798.0,0.0,A
Op. 12 No. 3,,,Biamonti 165/3, Violin Sonatas : Violin Sonata No.3,E flat major, vn pf,Chamber, NaN,"Op. 12 No. 3, Biamonti 165/3",1798.0,0.0,E flat
Op. 13,,,Biamonti 184, Piano Sonata No.8 ('Pathétique'),C minor, pf,Keyboard, NaN,"Op. 13, Biamonti 184",1798.0,1.0,C
Op. 14 No. 1,,,Biamonti 285, Piano Sonatas : Piano Sonata No.9,E major, pf,Keyboard, NaN,"Op. 14 No. 1, Biamonti 285",1799.0,0.0,E
Op. 14 No. 2,,,Biamonti 284, Piano Sonatas : Piano Sonata No.10,G major, pf,Keyboard, NaN,"Op. 14 No. 2, Biamonti 284",1799.0,0.0,G
Op. 15,,,Biamonti 167, Piano Concerto No.1,C major, pf orch,Orchestral, NaN,"Op. 15, Biamonti 167",1718.0,0.0,C
Op. 16,,,Biamonti 130, Quintet in E-flat major,E flat major, ob cl bn hn pf,Chamber, arr for vn va vc pf as Op.16a,"Op. 16, Biamonti 130",1797.0,0.0,E flat
Op. 16a,,,Biamonti 131, Quintet in E-flat major,E flat major, vn va vc pf,Chamber, arr of Op.16,"Op. 16a, Biamonti 131",1797.0,0.0,E flat
Op. 17,,,Biamonti 206, Horn Sonata,F major, hn pf,Chamber, NaN,"Op. 17, Biamonti 206",1800.0,0.0,F
Op. 18 No. 1,,,Biamonti 225/1, String Quartets : String Quartet No.1,F major, 2vn va vc,Chamber, NaN,"Op. 18 No. 1, Biamonti 225/1",1718.0,0.0,F
Op. 18 No. 2,,,Biamonti 225/2, String Quartets : String Quartet No.2,G major, 2vn va vc,Chamber, NaN,"Op. 18 No. 2, Biamonti 225/2",1718.0,0.0,G
Op. 18 No. 3,,,Biamonti 225/3, String Quartets : String Quartet No.3,D major, 2vn va vc,Chamber, NaN,"Op. 18 No. 3, Biamonti 225/3",1718.0,0.0,D
Op. 18 No. 4,,,Biamonti 225/4, String Quartets : String Quartet No.4,C minor, 2vn va vc,Chamber, NaN,"Op. 18 No. 4, Biamonti 225/4",1718.0,1.0,C
Op. 18 No. 5,,,Biamonti 225/5, String Quartets : String Quartet No.5,A major, 2vn va vc,Chamber, NaN,"Op. 18 No. 5, Biamonti 225/5",1718.0,0.0,A
Op. 18 No. 6,,,Biamonti 225/6, String Quartets : String Quartet No.6,B flat major, 2vn va vc,Chamber, NaN,"Op. 18 No. 6, Biamonti 225/6",1718.0,0.0,B flat
Op. 19,,,Biamonti 166, Piano Concerto No.2,B flat major, pf orch,Orchestral, NaN,"Op. 19, Biamonti 166",1718.0,0.0,B flat
Op. 20,,,Biamonti 204, Septet,E flat major, cl bn hn vn va vc db,Chamber, NaN,"Op. 20, Biamonti 204",1799.0,0.0,E flat
Op. 21,,,Biamonti 203, Symphony No.1,C major, orch,Orchestral, NaN,"Op. 21, Biamonti 203",1718.0,0.0,C
Op. 22,,,Biamonti 208, Piano Sonata No.11,B flat major, pf,Keyboard, NaN,"Op. 22, Biamonti 208",1800.0,0.0,B flat
Op. 23,,,Biamonti 293, Violin Sonata No.4,A minor, vn pf,Chamber, NaN,"Op. 23, Biamonti 293",1801.0,1.0,A
Op. 24,,,Biamonti 294, Violin Sonata No.5,F major, vn pf,Chamber, NaN,"Op. 24, Biamonti 294",1801.0,0.0,F
Op. 25,,,Biamonti 114, Serenade,D major, For flute  violin  viola,Chamber, arr. for fl pf as Op.41,"Op. 25, Biamonti 114",1801.0,0.0,D
Op. 26,,,Biamonti 296, Piano Sonata No.12 ('Funeral March'),A flat major, pf,Keyboard, movt. III arr. for orch as WoO 96/4,"Op. 26, Biamonti 296",1801.0,0.0,A flat
Op. 27 No. 1,,,Biamonti 297/1, Piano Sonatas : Piano Sonata No.13 ('Quasi una fantasia'),E flat major, pf,Keyboard, NaN,"Op. 27 No. 1, Biamonti 297/1",1801.0,0.0,E flat
Op. 27 No. 2,,,Biamonti 297/2, Piano Sonatas : Piano Sonata No.14 ('Moonlight'),C sharp minor, pf,Keyboard, NaN,"Op. 27 No. 2, Biamonti 297/2",1801.0,1.0,C sharp
Op. 28,,,Biamonti 302, Piano Sonata No.15 ('Pastoral'),D major, pf,Keyboard, NaN,"Op. 28, Biamonti 302",1801.0,0.0,D
Op. 29,,,Biamonti 298, String Quintet in C major ('Storm'),C major, 2vn 2va vc,Chamber, NaN,"Op. 29, Biamonti 298",1801.0,0.0,C
Op. 30 No. 1,,,Biamonti 340/1, Violin Sonatas : Violin Sonata No.6,A major, vn pf,Chamber, NaN,"Op. 30 No. 1, Biamonti 340/1",1802.0,0.0,A
Op. 30 No. 2,,,Biamonti 340/2, Violin Sonatas : Violin Sonata No.7 ('Eroica'),C minor, vn pf,Chamber, NaN,"Op. 30 No. 2, Biamonti 340/2",1802.0,1.0,C
Op. 30 No. 3,,,Biamonti 340/3, Violin Sonatas : Violin Sonata No.8,G major, vn pf,Chamber, NaN,"Op. 30 No. 3, Biamonti 340/3",1802.0,0.0,G
Op. 31 No. 1,,,Biamonti 339/1, Piano Sonatas : Piano Sonata No.16,G major, pf,Keyboard, NaN,"Op. 31 No. 1, Biamonti 339/1",1802.0,0.0,G
Op. 31 No. 2,,,Biamonti 339/3, Piano Sonatas : Piano Sonata No.17 ('Tempest'),D minor, pf,Keyboard, NaN,"Op. 31 No. 2, Biamonti 339/3",1802.0,1.0,D
Op. 31 No. 3,,,Biamonti 339/2, Piano Sonatas : Piano Sonata No.18 ('Hunt'),E flat major, pf,Keyboard, NaN,"Op. 31 No. 3, Biamonti 339/2",1802.0,0.0,E flat
Op. 32,,,Biamonti 421," An die Hoffnung (""Die du so gern in heilgen Nächten feierst"")",, v pf,Vocal, 1st setting; see also Op.94,"Op. 32, Biamonti 421",1805.0,,
Op. 33,,,Biamonti 334, Bagatelles (7),, pf,Keyboard, NaN,"Op. 33, Biamonti 334",1802.0,,
Op. 34,,,Biamonti 327, Variations (6),F major, pf,Keyboard, NaN,"Op. 34, Biamonti 327",1802.0,0.0,F
Op. 35,,,Biamonti 328, Variations and Fugue ('Eroica Variations'),E flat major, pf,Keyboard, NaN,"Op. 35, Biamonti 328",1802.0,0.0,E flat
Op. 36,,,Biamonti 326, Symphony No.2,D major, orch,Orchestral, also arr. for vn vc pf,"Op. 36, Biamonti 326",1802.0,0.0,D
Op. 36,,,Biamonti 425, Symphony No.2,D major, vn vc pf,Chamber, arr. of version for orch,"Op. 36, Biamonti 425",1805.0,0.0,D
Op. 37,,,Biamonti 337, Piano Concerto No.3,C minor, pf orch,Orchestral, NaN,"Op. 37, Biamonti 337",1803.0,1.0,C
Op. 38,,,Biamonti 376, Trio,E flat major, cl/vn vc pf,Chamber, arr. of Op. 20,"Op. 38, Biamonti 376",1803.0,0.0,E flat
Op. 39,,,Biamonti 375, Preludes (2) ('par tous les 12 tons majeurs'),C major, pf/org,Keyboard, NaN,"Op. 39, Biamonti 375",1789.0,0.0,C
Op. 40,,,Biamonti 329, Romance,G major, vn orch,Orchestral, NaN,"Op. 40, Biamonti 329",1802.0,0.0,G
Op. 41,,Hess Anh.12,Biamonti 371, Serenade,D major, fl pf,Chamber, spurious; arr. of Op.25 by Franz Xaver Kleinheinz,"Op. 41, Biamonti 371",1803.0,0.0,D
Op. 42,,Hess Anh.13,Biamonti 372, Notturno,D major, va pf,Chamber, spurious; arr. of Op.8 by Franz Xaver Kleinheinz,"Op. 42, Biamonti 372",1804.0,0.0,D
Op. 43,,,Biamonti 288, Die Geschöpfe des Prometheus (The Creatures of Prometheus),, orch,Stage, NaN,"Op. 43, Biamonti 288",1801.0,,
Op. 44,,,Biamonti 263, Variations (14),E flat major, vn va pf,Chamber, NaN,"Op. 44, Biamonti 263",1792.0,0.0,E flat
Op. 45,,,Biamonti 377, Marches (3),, pf4h,Keyboard, NaN,"Op. 45, Biamonti 377",1803.0,,
Op. 46,,,Biamonti 111," Adelaide (""Einsam wandelt dein Freund"")",B flat major, v pf,Vocal, NaN,"Op. 46, Biamonti 111",1795.0,0.0,B flat
Op. 47,,,Biamonti 366," Violin Sonata No.9 (""Kreutzer"")",A major, vn pf,Chamber, NaN,"Op. 47, Biamonti 366",1803.0,0.0,A
Op. 48 No. 1,,,Biamonti 367/1," Lieder :  Bitten (""Gott  deine Güte reicht so weit"")",E major, v pf,Vocal, NaN,"Op. 48 No. 1, Biamonti 367/1",1802.0,0.0,E
Op. 48 No. 2,,,Biamonti 367/2," Lieder :  Die Liebe des Nächsten (""So jemand spricht: Ich liebe Gott!"")",E flat major, v pf,Vocal, NaN,"Op. 48 No. 2, Biamonti 367/2",1802.0,0.0,E flat
Op. 48 No. 3,,,Biamonti 367/3," Lieder :  Vom Tode (""Meine Lebenszeit verstreicht"")",F sharp minor, v pf,Vocal, NaN,"Op. 48 No. 3, Biamonti 367/3",1802.0,1.0,F sharp
Op. 48 No. 4,,,Biamonti 367/4," Lieder :  Die Ehre Gottes aus der Natur (""Die Himmel rühmen des Ewigen Ehre"")",C major, v pf,Vocal, NaN,"Op. 48 No. 4, Biamonti 367/4",1802.0,0.0,C
Op. 48 No. 5,,,Biamonti 367/5," Lieder :  Gottes Macht und Vorsehung (""Gott ist mein Leid!"")",C major, v pf,Vocal, NaN,"Op. 48 No. 5, Biamonti 367/5",1802.0,0.0,C
Op. 48 No. 6,,,Biamonti 367/6," Lieder :  Bußlied (""An dir allein  an dir hab ich gendigt"")",A minor, v pf,Vocal, NaN,"Op. 48 No. 6, Biamonti 367/6",1802.0,1.0,A
Op. 49 No. 1,,,Biamonti 170, Piano Sonatas : Piano Sonata No.19,G minor, pf,Keyboard, NaN,"Op. 49 No. 1, Biamonti 170",1797.0,1.0,G
Op. 49 No. 2,,,Biamonti 120, Piano Sonatas : Piano Sonata No.20,G major, pf,Keyboard, NaN,"Op. 49 No. 2, Biamonti 120",1796.0,0.0,G
Op. 50,,,Biamonti 330, Romance,F major, vn orch,Orchestral, NaN,"Op. 50, Biamonti 330",1798.0,0.0,F
Op. 51,,,, Rondos (2),, pf,Keyboard, NaN,Op. 51,1797.0,,
Op. 52 No. 1,,,Biamonti 34/1," Lieder : Urians Reise um die Welt (""Wenn jemand eine Reise tut"")",A minor, v pf,Vocal, Words by Matthias Claudius,"Op. 52 No. 1, Biamonti 34/1",1793.0,1.0,A
Op. 52 No. 2,,,Biamonti 34/2," Lieder : Feuerfarb (""Ich weiß eine Farbe"")",G major, v pf,Vocal, Words by Sophie Mereau,"Op. 52 No. 2, Biamonti 34/2",1793.0,0.0,G
Op. 52 No. 3,,,Biamonti 34/3," Lieder : Das Liedchen von der Ruhe (""Im Arm der Liebe ruht sich's wohl"")",F major, v pf,Vocal, Words by Hermann Wilhelm Franz Ueltzen,"Op. 52 No. 3, Biamonti 34/3",1793.0,0.0,F
Op. 52 No. 4,,,Biamonti 34/4," Lieder : Maigesang (Mailied) (""Wie herrlich leuchtet mir dir Natur"")",E flat major, v pf,Vocal, Words by Johann Wolfgang von Goethe,"Op. 52 No. 4, Biamonti 34/4",1793.0,0.0,E flat
Op. 52 No. 5,,,Biamonti 34/5," Lieder : Mollys Abschied (""Lebe wohl  du Mann"")",G major, v pf,Vocal, Words by Gottfried August Bürger,"Op. 52 No. 5, Biamonti 34/5",1793.0,0.0,G
Op. 52 No. 6,,,Biamonti 34/6," Lieder : Die Liebe (""Ohne Liebe lebe wer da kann"")",F major, v pf,Vocal, Words by Gotthold Ephraim Lessing,"Op. 52 No. 6, Biamonti 34/6",1793.0,0.0,F
Op. 52 No. 7,,,Biamonti 34/7," Lieder : Marmotte (""Ich komme schon durch manches Land"")",A major, v pf,Vocal, Words by Johann Wolfgang von Goethe,"Op. 52 No. 7, Biamonti 34/7",1793.0,0.0,A
Op. 52 No. 8,,,Biamonti 34/8," Lieder : Das Blümchen Wunderhold (""Es blüht ein Blümchen irgendwo"")",G major, v pf,Vocal, Words by Gottfried August Bürger,"Op. 52 No. 8, Biamonti 34/8",1793.0,0.0,G
Op. 53,,,Biamonti 411," Piano Sonata No.21 (""Waldstein"")",C major, pf,Keyboard, NaN,"Op. 53, Biamonti 411",1804.0,0.0,C
Op. 54,,,Biamonti 412, Piano Sonata No.22,F major, pf,Keyboard, NaN,"Op. 54, Biamonti 412",1804.0,0.0,F
Op. 55,,,Biamonti 406, Symphony No.3 ('Eroica'),E flat major, orch,Orchestral, NaN,"Op. 55, Biamonti 406",1803.0,0.0,E flat
Op. 56,,,Biamonti 410, Triple Concerto,C major, vn vc pf orch,Orchestral, NaN,"Op. 56, Biamonti 410",1805.0,0.0,C
Op. 57,,,Biamonti 420, Piano Sonata No.23 ('Apassionata'),F minor, pf,Keyboard, NaN,"Op. 57, Biamonti 420",1805.0,1.0,F
Op. 58,,,Biamonti 431, Piano Concerto No.4,G major, pf orch,Orchestral, arr. for 2vn va vc db pf as Op.58a,"Op. 58, Biamonti 431",1807.0,0.0,G
Op. 58a,,,Biamonti 431, Piano Concerto No.4,G major, 2vn va vc db pf,Chamber, arr. of Op.58,"Op. 58a, Biamonti 431",1807.0,0.0,G
Op. 59 No. 1,,,Biamonti 436/1, String Quartets  ('Razumovsky Quartets'): String Quartet No.7,F major, 2vn va vc,Chamber, NaN,"Op. 59 No. 1, Biamonti 436/1",1806.0,0.0,F
Op. 59 No. 2,,,Biamonti 436/2, String Quartets  ('Razumovsky Quartets'): String Quartet No.8,E minor, 2vn va vc,Chamber, NaN,"Op. 59 No. 2, Biamonti 436/2",1806.0,1.0,E
Op. 59 No. 3,,,Biamonti 436/3, String Quartets  ('Razumovsky Quartets'): String Quartet No.9,C major, 2vn va vc,Chamber, NaN,"Op. 59 No. 3, Biamonti 436/3",1806.0,0.0,C
Op. 60,,,Biamonti 429, Symphony No.4,B flat major, orch,Orchestral, NaN,"Op. 60, Biamonti 429",1806.0,0.0,B flat
Op. 61,,,Biamonti 432, Violin Concerto,D major, vn orch,Orchestral, arr for pf orch as Op.61a,"Op. 61, Biamonti 432",1806.0,0.0,D
Op. 61a,,,Biamonti 441, Piano Concerto,D major, pf orch,Orchestral, arr. of Op.61,"Op. 61a, Biamonti 441",1807.0,0.0,D
Op. 62,,,Biamonti 438, Coriolan,C minor, orch,Orchestral, NaN,"Op. 62, Biamonti 438",1807.0,1.0,C
Op. 63,,Hess Anh.14,Biamonti II/65, Piano Trio,E flat major, vn va vc,Chamber, arr. of Op.4; Beethoven's authorship doubtful,"Op. 63, Biamonti II/65",,0.0,E flat
Op. 64,,Hess Anh.15,Biamonti II/60, Cello Sonata ('Grand Sonata'),E flat major, vc pf,Chamber, spurious; arr.of Op.3 by unknown author,"Op. 64, Biamonti II/60",1807.0,0.0,E flat
Op. 65,,,Biamonti 116, Ah! Perfido,, sop orch,Vocal, NaN,"Op. 65, Biamonti 116",1796.0,,
Op. 66,,,Biamonti 160, Variations on 'Ein Mädchen oder Weibchen' (12),F major, vc pf,Chamber, based on an aria from Die Zauberflöte  K.620  by Wolfgang Amadeus Mozart,"Op. 66, Biamonti 160",1796.0,0.0,F
Op. 67,,,Biamonti 443, Symphony No.5,C minor, orch,Orchestral, NaN,"Op. 67, Biamonti 443",1808.0,1.0,C
Op. 68,,,Biamonti 453, Symphony No.6,F major, orch,Orchestral, NaN,"Op. 68, Biamonti 453",1808.0,0.0,F
Op. 69,,,Biamonti 444, Cello Sonata No.3,A major, vc pf,Chamber, NaN,"Op. 69, Biamonti 444",1808.0,0.0,A
Op. 70 No. 1,,,Biamonti 455/1, Piano Trios : Piano Trio ('Ghost'),D major, vn vc pf,Chamber, NaN,"Op. 70 No. 1, Biamonti 455/1",1808.0,0.0,D
Op. 70 No. 2,,,Biamonti 455/2, Piano Trios : Piano Trio,E flat major, vn vc pf,Chamber, NaN,"Op. 70 No. 2, Biamonti 455/2",1808.0,0.0,E flat
Op. 71,,,Biamonti 118, Sextet,E flat major, 2cl 2bn 2hn,Chamber, NaN,"Op. 71, Biamonti 118",1796.0,0.0,E flat
Op. 72,,Hess 109,Biamonti 423, Fidelio (Leonore  oder Der Triumph der ehelichen Liebe)  opera in 3 acts,, vv ch orch,Stage, 1st version; includes Op. 72a,"Op. 72, Biamonti 423",1805.0,,
Op. 72,,Hess 110,Biamonti 427, Fidelio (Leonore  oder Der Triumph der ehelichen Liebe)  opera in 2 acts,, vv ch orch,Stage, 2nd version; includes Op. 72b (and WoO 2/2?),"Op. 72, Biamonti 427",1806.0,,
Op. 72,,,Biamonti 570, Fidelio  opera in 2 acts,, vv ch orch,Stage, 3rd version,"Op. 72, Biamonti 570",1814.0,,
Op. 72a,,,Biamonti 423, Leonora Overture No.2,C major, orch,Orchestral, 1st version of Opp. 72b   138 (included in 1st version of Op. 72),"Op. 72a, Biamonti 423",1805.0,0.0,C
Op. 72b,,,Biamonti 427, Leonora Overture No.3,C major, orch,Orchestral, 2nd version of Opp. 72a  138 (included in 2nd version of Op. 72),"Op. 72b, Biamonti 427",1806.0,0.0,C
Op. 73,,,Biamonti 499, Piano Concerto No.5 ('Emperor'),E flat major, pf orch,Orchestral, NaN,"Op. 73, Biamonti 499",1809.0,0.0,E flat
Op. 74,,,Biamonti 485, String Quartet No.10 ('Harp'),E flat major, 2vn va vc,Chamber, NaN,"Op. 74, Biamonti 485",1809.0,0.0,E flat
Op. 75 No. 1,,,Biamonti 502/1," Gesänge : Mignon (""Kennst du das Land"")",, v pf,Vocal, NaN,"Op. 75 No. 1, Biamonti 502/1",1809.0,,
Op. 75 No. 2,,,Biamonti 502/2," Gesänge : Neue Liebe  neues Leben (""Herz  mein Herz  was soll das geben?"")",, v pf,Vocal, 2nd setting of WoO 27,"Op. 75 No. 2, Biamonti 502/2",1809.0,,
Op. 75 No. 3,,,Biamonti 502/3," Gesänge : Aus Goethes Faust (""Es war einmal ein König"")",, v pf,Vocal, NaN,"Op. 75 No. 3, Biamonti 502/3",1809.0,,
Op. 75 No. 4,,,Biamonti 502/4," Gesänge : Gretels Warnung (""Mit Liebesblick und Spiel"")",, v pf,Vocal, NaN,"Op. 75 No. 4, Biamonti 502/4",1809.0,,
Op. 75 No. 5,,,Biamonti 502/5," Gesänge : An den fernen Geliebten (""Einst wohnten süsse Ruh'"")",, v pf,Vocal, NaN,"Op. 75 No. 5, Biamonti 502/5",1809.0,,
Op. 75 No. 6,,,Biamonti 502/6," Gesänge : Der Zufriedene (""Zwar schuf das Glück hienieden"")",, v pf,Vocal, NaN,"Op. 75 No. 6, Biamonti 502/6",1809.0,,
Op. 76,,,Biamonti 494, Variations (6),D major, pf,Keyboard, NaN,"Op. 76, Biamonti 494",1809.0,0.0,D
Op. 77,,,Biamonti 492, Fantasia,G minor, pf,Keyboard, NaN,"Op. 77, Biamonti 492",1809.0,1.0,G
Op. 78,,,Biamonti 493, Piano Sonata No.24 ('A Thérèse'),F sharp major, pf,Keyboard, NaN,"Op. 78, Biamonti 493",1809.0,0.0,F sharp
Op. 79,,,Biamonti 495, Piano Sonata No.25 ('Cuckoo'),G major, pf,Keyboard, NaN,"Op. 79, Biamonti 495",1809.0,0.0,G
Op. 80,,,Biamonti 486, Fantasia in C minor ('Choral Fantasia'),C minor, ch pf orch,Vocal, NaN,"Op. 80, Biamonti 486",1809.0,1.0,C
Op. 81a,,,Biamonti 514, Piano Sonata No.26 ('Les adieux'),E flat major, pf,Keyboard, NaN,"Op. 81a, Biamonti 514",1810.0,0.0,E flat
Op. 81b,,,Biamonti 72, Sextet in E-flat major,E flat major, 2hn 2vn va vc,Chamber, NaN,"Op. 81b, Biamonti 72",1795.0,0.0,E flat
Op. 82 No. 1,,,Biamonti 513/1," Arietten und ein Duett : Hoffnung (""Dimmi  ben mio  che m'ami"")",, v pf,Vocal, NaN,"Op. 82 No. 1, Biamonti 513/1",1810.0,,
Op. 82 No. 2,,,Biamonti 513/2," Arietten und ein Duett : Liebes-Klage (""T'intendo  si  mio cor"")",, v pf,Vocal, NaN,"Op. 82 No. 2, Biamonti 513/2",1810.0,,
Op. 82 No. 3,,,Biamonti 513/3," Arietten und ein Duett : Che fa il mio bene? (""L'amante impatiente"")",, v pf,Vocal, NaN,"Op. 82 No. 3, Biamonti 513/3",1810.0,,
Op. 82 No. 4,,,Biamonti 513/4," Arietten und ein Duett : Che fa il mio bene? (""L'amante impatiente"")",, v pf,Vocal, NaN,"Op. 82 No. 4, Biamonti 513/4",1810.0,,
Op. 82 No. 5,,,Biamonti 513/5," Arietten und ein Duett : Lebensgenuß (""Odi l'aura che dolce sospira"")",, 2vvv pf,Vocal, NaN,"Op. 82 No. 5, Biamonti 513/5",1810.0,,
Op. 83 No. 1,,,Biamonti 531," Gesänge :  Wonne der Wehmut (""Trocknet nicht  Tränen der ewigen Liebe!"")",, v pf,Vocal, NaN,"Op. 83 No. 1, Biamonti 531",1810.0,,
Op. 83 No. 2,,,Biamonti 531," Gesänge :  Sensucht (""Was zieht mir das Herz so?"")",, v pf,Vocal, NaN,"Op. 83 No. 2, Biamonti 531",1810.0,,
Op. 83 No. 3,,,Biamonti 531," Gesänge :  Mit einem gemalten Band (""Kleine Blumen  kleine Blätter streuen wir mit leichter Hand"")",, v pf,Vocal, NaN,"Op. 83 No. 3, Biamonti 531",1810.0,,
Op. 84,,,Biamonti 518, Egmont,, vv orch,Stage, NaN,"Op. 84, Biamonti 518",1810.0,,
Op. 85,,,Biamonti 363, Christus am Ölberge ('Christ on the Mount of Olives'),, 3vv ch orch,Vocal, NaN,"Op. 85, Biamonti 363",1804.0,,
Op. 86,,,Biamonti 439, Mass,C major, 4vvch orch,Vocal, NaN,"Op. 86, Biamonti 439",1807.0,0.0,C
Op. 87,,,Biamonti 63, Trio,C major, 2ob eh,Chamber, NaN,"Op. 87, Biamonti 63",1795.0,0.0,C
Op. 88,,,Biamonti 370," Das Glück der Freundschaft (""Der lebt ein Leben wonniglich"")",, v pf,Vocal, NaN,"Op. 88, Biamonti 370",1803.0,,
Op. 89,,,Biamonti 588, Polonaise in C major,C major, pf,Keyboard, NaN,"Op. 89, Biamonti 588",1814.0,0.0,C
Op. 90,,,Biamonti 578, Piano Sonata No.27,E minor, pf,Keyboard, NaN,"Op. 90, Biamonti 578",1814.0,1.0,E
Op. 91,,,Biamonti 560, Wellingtons Sieg (Wellington's Victory or 'Battle Symphony'),, orch,Orchestral, NaN,"Op. 91, Biamonti 560",1813.0,,
Op. 92,,,Biamonti 544, Symphony No.7,A major, orch,Orchestral, NaN,"Op. 92, Biamonti 544",1812.0,0.0,A
Op. 93,,,Biamonti 659, Symphony No.8,F major, orch,Orchestral, NaN,"Op. 93, Biamonti 659",1812.0,0.0,F
Op. 94,,,Biamonti 611," An die Hoffnung (""Ob ein Gott sei?"")",B flat minor, v pf,Vocal, 2nd setting; see Op.32,"Op. 94, Biamonti 611",1815.0,1.0,B flat
Op. 95,,,Biamonti 524," String Quartet No.11 (""Serioso"")",F minor, 2vn va vc,Chamber, NaN,"Op. 95, Biamonti 524",1811.0,1.0,F
Op. 96,,,Biamonti 550," Violin Sonata No.10 (""Cock-crow"")",G major, vn pf,Chamber, NaN,"Op. 96, Biamonti 550",1812.0,0.0,G
Op. 97,,,Biamonti 536," Piano Trio(""Archduke"")",B flat major, vn va vc,Chamber, NaN,"Op. 97, Biamonti 536",1815.0,0.0,B flat
Op. 98 No. 1,,,Biamonti 652, An die ferne Geliebte: Auf dem Hügel sitz' ich  spähend,, v pf,Vocal, NaN,"Op. 98 No. 1, Biamonti 652",1816.0,,
Op. 98 No. 2,,,Biamonti 652, An die ferne Geliebte: Wo die Bergen so blau,, v pf,Vocal, NaN,"Op. 98 No. 2, Biamonti 652",1816.0,,
Op. 98 No. 3,,,Biamonti 652, An die ferne Geliebte: Leichte Segler in den Höhen,, v pf,Vocal, NaN,"Op. 98 No. 3, Biamonti 652",1816.0,,
Op. 98 No. 4,,,Biamonti 652, An die ferne Geliebte: Diese Wolken in den Höhen,, v pf,Vocal, NaN,"Op. 98 No. 4, Biamonti 652",1816.0,,
Op. 98 No. 5,,,Biamonti 652, An die ferne Geliebte: Es kehret der Maien,, v pf,Vocal, NaN,"Op. 98 No. 5, Biamonti 652",1816.0,,
Op. 98 No. 6,,,Biamonti 652, An die ferne Geliebte: Nimm sie hin denn  diese Lieder,, v pf,Vocal, NaN,"Op. 98 No. 6, Biamonti 652",1816.0,,
Op. 99,,,Biamonti 655," Der Mann von Wort (""Du sagtest  Freund"")",G major, v pf,Vocal, NaN,"Op. 99, Biamonti 655",1816.0,0.0,G
Op. 100,,,Biamonti 596, Merkenstein,F major, 2vvv pf,Vocal, 2nd setting of WoO 144,"Op. 100, Biamonti 596",1815.0,0.0,F
Op. 101,,,Biamonti 656, Piano Sonata No.28,A major, pf,Keyboard, NaN,"Op. 101, Biamonti 656",1816.0,0.0,A
Op. 102 No. 1,,,Biamonti 599/1, Cello Sonatas : Cello Sonata No.4,C major, vc pf,Chamber, NaN,"Op. 102 No. 1, Biamonti 599/1",1815.0,0.0,C
Op. 102 No. 2,,,Biamonti 599/2, Cello Sonatas : Cello Sonata No.5,D major, vc pf,Chamber, NaN,"Op. 102 No. 2, Biamonti 599/2",1815.0,0.0,D
Op. 103,,,Biamonti 41, Wind Octet,E flat major, 2ob 2cl 2bn 2hn,Chamber, revised for string quintet as Op.4,"Op. 103, Biamonti 41",1793.0,0.0,E flat
Op. 104,,,Biamonti 675, String Quintet,C minor, 2vn 2va vc,Quintets, arrangement of Op.1/3,"Op. 104, Biamonti 675",1817.0,1.0,C
Op. 105 No. 1,,,Biamonti 693/1," National Airs with Variations :  Air écossais (""The Cottage Maid"")",G major, fl/vn pf,Chamber, NaN,"Op. 105 No. 1, Biamonti 693/1",1818.0,0.0,G
Op. 105 No. 2,,,Biamonti 693/2, National Airs with Variations :  Air écossais,C minor, fl/vn pf,Chamber, NaN,"Op. 105 No. 2, Biamonti 693/2",1819.0,1.0,C
Op. 105 No. 3,,,Biamonti 693/3," National Airs with Variations :  Air autrichien (""A Schsserl und a Reindel"")",C major, fl/vn pf,Chamber, NaN,"Op. 105 No. 3, Biamonti 693/3",1818.0,0.0,C
Op. 105 No. 4,,,Biamonti 693/4," National Airs with Variations :  Air écossais (""The Last Rose of Summer"")",E flat major, fl/vn pf,Chamber, NaN,"Op. 105 No. 4, Biamonti 693/4",1818.0,0.0,E flat
Op. 105 No. 5,,,Biamonti 693/5," National Airs with Variations :  Air écossais (""Chiling O'Guiry"")",E flat major, fl/vn pf,Chamber, NaN,"Op. 105 No. 5, Biamonti 693/5",1818.0,0.0,E flat
Op. 105 No. 6,,,Biamonti 693/6," National Airs with Variations :  Air écossais (""Paddy Whack"")",D major, fl/vn pf,Chamber, NaN,"Op. 105 No. 6, Biamonti 693/6",1818.0,0.0,D
Op. 106,,,Biamonti 708," Piano Sonata No.29 (""Hammerklavier"")",B flat major, pf,Keyboard, NaN,"Op. 106, Biamonti 708",1818.0,0.0,B flat
Op. 107 No. 1,,,Biamonti 694/1," National Airs with Variations : Air tirolien (""I bin a Tiroler Bua"")",, fl/vn pf,Chamber, see also WoO 158/5,"Op. 107 No. 1, Biamonti 694/1",1819.0,,
Op. 107 No. 2,,,Biamonti 694/2," National Airs with Variations : Air écossais (""Bonnie Laddie  Highland Laddie"")",, fl/vn pf,Chamber, NaN,"Op. 107 No. 2, Biamonti 694/2",1818.0,,
Op. 107 No. 3,,,Biamonti 694/3, National Airs with Variations : Air de la petite Russie,, fl/vn pf,Chamber, NaN,"Op. 107 No. 3, Biamonti 694/3",1819.0,,
Op. 107 No. 4,,,Biamonti 694/4," National Airs with Variations : Air écossais (""St. Patrick's Day"")",, fl/vn pf,Chamber, see also WoO 154/4,"Op. 107 No. 4, Biamonti 694/4",1819.0,,
Op. 107 No. 5,,,Biamonti 694/5," National Airs with Variations : Air tirolien (""A Madel  ja a Madel"")",, fl/vn pf,Chamber, see also WoO 158/6,"Op. 107 No. 5, Biamonti 694/5",1818.0,,
Op. 107 No. 6,,,Biamonti 694/6," National Airs with Variations : Air écossais (""Merch Megan"")",, fl/vn pf,Chamber, see also WoO 155/11,"Op. 107 No. 6, Biamonti 694/6",1818.0,,
Op. 107 No. 7,,,Biamonti 694/7," National Airs with Variations : Air russe (""Schöne Minka"")",, fl/vn pf,Chamber, see also WoO 158/16,"Op. 107 No. 7, Biamonti 694/7",1818.0,,
Op. 107 No. 8,,,Biamonti 694/8," National Airs with Variations : Air écossais (""O  Mary at thy Window Be"")",, fl/vn pf,Chamber, NaN,"Op. 107 No. 8, Biamonti 694/8",1818.0,,
Op. 107 No. 9,,,Biamonti 694/9," National Airs with Variations : Air écossais (""Oh  Thou art the Lad of my Heart"")",, fl/vn pf,Chamber, NaN,"Op. 107 No. 9, Biamonti 694/9",1818.0,,
Op. 107 No. 10,,,Biamonti 694/10," National Airs with Variations : Air écossais (""The Highland Watch"")",, fl/vn pf,Chamber, NaN,"Op. 107 No. 10, Biamonti 694/10",1818.0,,
Op. 108 No. 1,,,Biamonti 660/1," Scottish Songs : Music  Love and Wine (""O let me music hear  night and day!"")",, v vn vc pf,Vocal, NaN,"Op. 108 No. 1, Biamonti 660/1",1817.0,,
Op. 108 No. 2,,,Biamonti 660/2," Scottish Songs : Sunset (""The sun upon the Weirdlaw Hill"")",, v vn vc pf,Vocal, NaN,"Op. 108 No. 2, Biamonti 660/2",1818.0,,
Op. 108 No. 3,,,Biamonti 660/3, Scottish Songs : O Sweet were the Hours,, v vn vc pf,Vocal, NaN,"Op. 108 No. 3, Biamonti 660/3",1817.0,,
Op. 108 No. 4,,,Biamonti 660/4," Scottish Songs : The Maid of Isla (""O maid of Isla from yon cliff"")",, v vn vc pf,Vocal, NaN,"Op. 108 No. 4, Biamonti 660/4",1817.0,,
Op. 108 No. 5,,,Biamonti 660/5, Scottish Songs : The Sweetest Lad was Jamie,, v vn vc pf,Vocal, NaN,"Op. 108 No. 5, Biamonti 660/5",1815.0,,
Op. 108 No. 6,,,Biamonti 660/6, Scottish Songs : Dim  Dim is my Eye,, v vn vc pf,Vocal, NaN,"Op. 108 No. 6, Biamonti 660/6",1815.0,,
Op. 108 No. 7,,,Biamonti 660/7," Scottish Songs : Bonnie Laddie  Highland Laddie (""Where got ye that siller moon"")",, v vn vc pf,Vocal, NaN,"Op. 108 No. 7, Biamonti 660/7",1815.0,,
Op. 108 No. 8,,,Biamonti 660/8, Scottish Songs : The Lovely Lass of Inverness,, v vn vc pf,Vocal, NaN,"Op. 108 No. 8, Biamonti 660/8",1816.0,,
Op. 108 No. 9,,,Biamonti 660/9, Scottish Songs : Behold my Love how Green the Groves,, v vn vc pf,Vocal, NaN,"Op. 108 No. 9, Biamonti 660/9",1817.0,,
Op. 108 No. 10,,,Biamonti 660/10," Scottish Songs : Sympathy (""Why  Julia  say  that pensive mien?"")",, v vn vc pf,Vocal, NaN,"Op. 108 No. 10, Biamonti 660/10",1815.0,,
Op. 108 No. 11,,,Biamonti 660/11, Scottish Songs : O! Thou Art the Lad of my Heart,, v vn vc pf,Vocal, NaN,"Op. 108 No. 11, Biamonti 660/11",1815.0,,
Op. 108 No. 12,,,Biamonti 660/12, Scottish Songs : O  Had My Fate Been Join'd With Thine,, v vn vc pf,Vocal, NaN,"Op. 108 No. 12, Biamonti 660/12",1816.0,,
Op. 108 No. 13,,,Biamonti 660/13, Scottish Songs : Come Fill  Fill  my Good fellow!,, v vn vc pf,Vocal, NaN,"Op. 108 No. 13, Biamonti 660/13",1817.0,,
Op. 108 No. 14,,,Biamonti 660/14, Scottish Songs : O  How Can I Be Blithe and Glad,, v vn vc pf,Vocal, NaN,"Op. 108 No. 14, Biamonti 660/14",1816.0,,
Op. 108 No. 15,,,Biamonti 660/15, Scottish Songs : O Cruel Was My Father,, v vn vc pf,Vocal, NaN,"Op. 108 No. 15, Biamonti 660/15",1816.0,,
Op. 108 No. 16,,,Biamonti 660/16, Scottish Songs : Could This Ill World Have Been Contriv'd,, v vn vc pf,Vocal, NaN,"Op. 108 No. 16, Biamonti 660/16",1816.0,,
Op. 108 No. 17,,,Biamonti 660/17, Scottish Songs : O Mary  at Thy Window Be,, v vn vc pf,Vocal, NaN,"Op. 108 No. 17, Biamonti 660/17",1817.0,,
Op. 108 No. 18,,,Biamonti 660/18, Scottish Songs : Enchantress  Farewell,, v vn vc pf,Vocal, NaN,"Op. 108 No. 18, Biamonti 660/18",1818.0,,
Op. 108 No. 19,,,Biamonti 660/19, Scottish Songs : O Swiftly Glides the Bonny Boat,, v vn vc pf,Vocal, NaN,"Op. 108 No. 19, Biamonti 660/19",1815.0,,
Op. 108 No. 20,,,Biamonti 660/20, Scottish Songs : Faithfu' Johnie (When will you come again),, v vn vc pf,Vocal, NaN,"Op. 108 No. 20, Biamonti 660/20",1813.0,,
Op. 108 No. 21,,,Biamonti 660/21," Scottish Songs : Jeanie's Distress (""By William late offended"")",, v vn vc pf,Vocal, NaN,"Op. 108 No. 21, Biamonti 660/21",1817.0,,
Op. 108 No. 22,,,Biamonti 660/22," Scottish Songs : The Highland Watch (""Old Scotia  wake thy mountain strain"")",, v vn vc pf,Vocal, NaN,"Op. 108 No. 22, Biamonti 660/22",1817.0,,
Op. 108 No. 23,,,Biamonti 660/23," Scottish Songs : The Shepherd's Song (""The gowan glitters on the sward"")",, v vn vc pf,Vocal, NaN,"Op. 108 No. 23, Biamonti 660/23",1818.0,,
Op. 108 No. 24,,,Biamonti 660/24, Scottish Songs : Again  my Lyre,, v vn vc pf,Vocal, NaN,"Op. 108 No. 24, Biamonti 660/24",1815.0,,
Op. 108 No. 25,,,Biamonti 660/25," Scottish Songs : Sally in Our Alley (""Of all the girls that are so smart"")",, v vn vc pf,Vocal, NaN,"Op. 108 No. 25, Biamonti 660/25",1817.0,,
Op. 109,,,Biamonti 729, Piano Sonata No.30,E major, pf,Keyboard, NaN,"Op. 109, Biamonti 729",1820.0,0.0,E
Op. 110,,,Biamonti 739, Piano Sonata No.31,A flat major, pf,Keyboard, NaN,"Op. 110, Biamonti 739",1822.0,0.0,A flat
Op. 111,,,Biamonti 741, Piano Sonata No.32,C minor, pf,Keyboard, NaN,"Op. 111, Biamonti 741",1822.0,1.0,C
Op. 112,,,Biamonti 609, Meeresstille und glückliche Fahrt(Calm Sea & Prosperous Voyage),D major, ch orch,Orchestral, NaN,"Op. 112, Biamonti 609",1815.0,0.0,D
Op. 113,,Hess 118,Biamonti 539, Die Ruinen von Athen (The Ruins of Athens)  music to Kotzebue's drama,, vv ch orch,Stage, 1st version of Op. 114,"Op. 113, Biamonti 539",1811.0,,
Op. 114,,Hess 118,Biamonti 742, Die Ruinen von Athen (The Ruins of Athens)  music to Kotzebue's drama,, vv ch orch,Stage, 2nd version of Op. 113; includes Op. 124  WoO 98,"Op. 114, Biamonti 742",1822.0,,
Op. 115,,,Biamonti 597, Overture  'Zur Namensfeier' (Name-Day),C major, orch,Orchestral, NaN,"Op. 115, Biamonti 597",1815.0,0.0,C
Op. 116,,,Biamonti 567, Tremate  empi tremate,B flat major, 3vv orch,Vocal, NaN,"Op. 116, Biamonti 567",1814.0,0.0,B flat
Op. 117,,,Biamonti 538, König Stephan (King Stephen)  music to Kotzebue's play,E flat major, vv ch orch,Stage, NaN,"Op. 117, Biamonti 538",1811.0,0.0,E flat
Op. 118,,,Biamonti 576," Elegischer Gesang (""Sanft wie du lebtest"")",, 4vv 2vn va vc,Vocal, NaN,"Op. 118, Biamonti 576",1814.0,,
Op. 119,,,Biamonti 745, Bagatelles (11),, pf,Keyboard, NaN,"Op. 119, Biamonti 745",1822.0,,
Op. 120,,,Biamonti 774, Veränderungen über einen Walzer ('Diabelli Variations'),C major, pf,Keyboard, NaN,"Op. 120, Biamonti 774",1823.0,0.0,C
Op. 121a,,,Biamonti 654, Variations on 'Ich bin der Schneider Kakadu' (10),G major, vn va pf,Chamber, on a theme from Die Schwestern von Prag by Wenzel Müller,"Op. 121a, Biamonti 654",1816.0,0.0,G
Op. 121b,,,Biamonti 766," Opferlied (""Die Flamme lodert"")",E major, 3vv ch orch,Vocal, 3rd version of Op. 121b  WoO 126  Hess 91  Hess 145,"Op. 121b, Biamonti 766",1822.0,0.0,E
Op. 121b,,,Biamonti 790," Opferlied (""Die Flamme lodert"")",E major, 3vv ch orch,Vocal, 4th version of Op. 121b  WoO 126  Hess 91  Hess 145,"Op. 121b, Biamonti 790",1824.0,0.0,E
Op. 122,,,Biamonti 767," Bundeslied (""In allen guten Stunden"")",B flat major, 2vv ch ww br,Vocal, NaN,"Op. 122, Biamonti 767",1824.0,0.0,B flat
Op. 123,,,Biamonti 776, Missa solemnis,D major, 4vv ch org orch,Vocal, NaN,"Op. 123, Biamonti 776",1823.0,0.0,D
Op. 124,,Hess 118,Biamonti 742, Die Weihe des Hauses  overture,C major, orch,Orchestral, overture to Op.114,"Op. 124, Biamonti 742",1822.0,0.0,C
Op. 125,,,Biamonti 787, Symphony No.9,D minor, sop alt ten bass ch,Vocal, NaN,"Op. 125, Biamonti 787",1824.0,1.0,D
Op. 126,,,Biamonti 788, Bagatelles(6),, pf,Keyboard, NaN,"Op. 126, Biamonti 788",1824.0,,
Op. 127,,,Biamonti 803, String Quartet No.12,E flat major, 2vn va vc,Chamber, NaN,"Op. 127, Biamonti 803",1825.0,0.0,E flat
Op. 128,,,Biamonti 748," Der Kuß(""Ich var bei Chloen ganz allein"")",A major, v pf,Vocal, NaN,"Op. 128, Biamonti 748",1718.0,0.0,A
Op. 129,,,Biamonti 162, Rondo a capriccio ('Rage Over a Lost Penny'),G major, pf,Keyboard, NaN,"Op. 129, Biamonti 162",1795.0,0.0,G
Op. 130,,,Biamonti 830, String Quartet No.13,B flat major, 2vn va vc,Chamber, 1st version (including Op.133),"Op. 130, Biamonti 830",1825.0,0.0,B flat
Op. 130,,,Biamonti 847, String Quartet No.13,B flat major, 2vn va vc,Chamber, 2nd version,"Op. 130, Biamonti 847",1826.0,0.0,B flat
Op. 131,,,Biamonti 840, String Quartet No.14,C sharp minor, 2vn va vc,Chamber, NaN,"Op. 131, Biamonti 840",1826.0,1.0,C sharp
Op. 132,,,Biamonti 808, String Quartet No.15 ('Heiliger Dankgesang'),A minor, 2vn va vc,Chamber, NaN,"Op. 132, Biamonti 808",1825.0,1.0,A
Op. 133,,,Biamonti 830, Große Fuge,B flat major, 2vn va vc,Chamber, finale to 1st version of Op.130; arr.for pf4h as Op.134,"Op. 133, Biamonti 830",1826.0,0.0,B flat
Op. 134,,Hess 86,Biamonti 841, Große Fuge,B flat major, pf4h,Keyboard, arr. from Op.133,"Op. 134, Biamonti 841",1826.0,0.0,B flat
Op. 135,,,Biamonti 845, String Quartet No.16,F major, 2vn va vc,Chamber, NaN,"Op. 135, Biamonti 845",1826.0,0.0,F
Op. 136,,,Biamonti 581, Der glorreiche Augenblick (The Glorious Moment),, 4vv ch orch,Vocal, NaN,"Op. 136, Biamonti 581",1814.0,,
Op. 137,,,Biamonti 678, Fugue in D major,D major, 2vn va vc,Chamber, NaN,"Op. 137, Biamonti 678",1817.0,0.0,D
Op. 138,,,Biamonti 422, Leonora Overture No.1,C major, orch,Orchestral, 3rd version of Opp. 72a  72b,"Op. 138, Biamonti 422",1807.0,0.0,C
,WoO 1,,Biamonti 29, Musik zu einem Ritterballet,D major, orch,Stage, music for a ballet of knights; also arr. for pf,"WoO 1, Biamonti 29",1791.0,0.0,D
,WoO 1,Hess 89,Biamonti 30, Musik zu einem Ritterballet,D major, pf,Stage, arr. of version for orch,"WoO 1, Biamonti 30",1791.0,0.0,D
,WoO 2,,, Tarpeja  music for Christoph Kuffner's drama (2):,, orch,Stage, NaN,WoO 2,1813.0,,
,WoO 2a,Hess 117,Biamonti 553, Triumphal March,C major, orch,Stage, NaN,"WoO 2a, Biamonti 553",1813.0,0.0,C
,WoO 2b,Hess 117,Biamonti 554, Prelude to Act II,D major, orch,Stage, now thought to be from the opening of Act II of ''Leonore''  Op. 72 (2nd version),"WoO 2b, Biamonti 554",1805.0,0.0,D
,WoO 3,,Biamonti 744, Gratulations-Menuett,E flat major, orch,Orchestral, NaN,"WoO 3, Biamonti 744",1822.0,0.0,E flat
,WoO 4,,Biamonti 10, Piano Concerto,E flat major, pf orch,Orchestral, only pf part survives; completed by Willy Hess,"WoO 4, Biamonti 10",1784.0,0.0,E flat
,WoO 5,Hess 10,Biamonti 33, Violin Concerto,C major, vn orch,Orchestral, only fragment of movt. I survives; completed by Joseph Hellmesberger Sr. (1876),"WoO 5, Biamonti 33",1792.0,0.0,C
,WoO 6,,Biamonti 103, Rondo,B flat major, pf orch,Orchestral, probably original finale to Op. 19; only fragment survives  completed by Carl Czerny,"WoO 6, Biamonti 103",1793.0,0.0,B flat
,WoO 7,,Biamonti 88, Minuets (12),, orch,Orchestral, also arr. for pf,"WoO 7, Biamonti 88",1795.0,,
,WoO 7,Hess 101,Biamonti 92, Minuets (12),, pf,Keyboard, arr. of version for orch,"WoO 7, Biamonti 92",1795.0,,
,WoO 8,,Biamonti 89, German Dances (12),, orch,Orchestral, also arr. for pf,"WoO 8, Biamonti 89",1795.0,,
,WoO 8,Hess 100,Biamonti 93, German Dances (12),, pf,Keyboard, arr. of version for orch,"WoO 8, Biamonti 93",1795.0,,
,WoO 9,Hess 26,Biamonti 101, Minuets (6),, 2vn vc,Chamber, NaN,"WoO 9, Biamonti 101",1795.0,,
,WoO 10,,, Minuets (6),, orch,Orchestral, version lost; also arr. for pf,WoO 10,1795.0,,
,WoO 10,,Biamonti 102, Minuets (6),, pf,Keyboard, arr. of version for orch,"WoO 10, Biamonti 102",1795.0,,
,WoO 11,,, Ländler (7),, orch,Orchestral, version lost; also arr. for pf,WoO 11,1799.0,,
,WoO 11,Hess 27,Biamonti 163, Ländler (7),, pf,Keyboard, arr. of version for orch,"WoO 11, Biamonti 163",1799.0,,
,WoO 12,Hess 2,, Minuets(12),, orch,Orchestral, spurious; written by Beethoven's brother Karl. Have been digitized.,WoO 12,1799.0,,
,WoO 13,,, German Dances (12),, orch,Orchestral, version lost; also arr. for pf,WoO 13,1797.0,,
,WoO 13,Hess 5,Biamonti 218, German Dances (12),, pf,Keyboard, arr. of version for orch,"WoO 13, Biamonti 218",1797.0,,
,WoO 14,,Biamonti 295, Contredanses (12),, orch,Orchestral, Nos. 1  2  4  5  7  8  9  10 and 12 arr. for pf as Hess 102,"WoO 14, Biamonti 295",1718.0,,
,WoO 15,,Biamonti 324, Ländler (6),D major, 2vn vc,Chamber, also arr. for pf,"WoO 15, Biamonti 324",1802.0,0.0,D
,WoO 15,,Biamonti 325, Ländler (6),D major, pf,Keyboard, arr. of version for orch,"WoO 15, Biamonti 325",1802.0,0.0,D
,WoO 16,,, Ecossaises(12),, orch,Orchestral, spurious,WoO 16,,,
,WoO 17,Hess 20,Biamonti 710, Mödlinger Tänze (11),, 2cl 2hn 2vn db,Chamber, probably spurious,"WoO 17, Biamonti 710",1819.0,,
,WoO 18,,Biamonti 519/1, March ('Marsch für die bohmische Landwehr') ('Yorckscher Marsch'),F major, ww br perc,Orchestral, 1st version  without trio or 'Turkish' orchestration; also arr. for pf,"WoO 18, Biamonti 519/1",1810.0,0.0,F
,WoO 18,Hess 6,Biamonti 501, March ('Marsch für die bohmische Landwehr') ('Yorckscher Marsch'),F major, ww br perc,Orchestral, 2nd version  without trio  but with 'Turkish' orchestration,"WoO 18, Biamonti 501",1810.0,0.0,F
,WoO 18,Hess 99,Biamonti 504, March ('Marsch für die bohmische Landwehr') ('Yorckscher Marsch'),F major, pf,Keyboard, arr. of 1st version,"WoO 18, Biamonti 504",1810.0,0.0,F
,WoO 18,Hess 7,Biamonti 780, March ('Marsch für die bohmische Landwehr') ('Yorckscher Marsch'),F major, ww br perc,Orchestral, 3rd version  with trio and 'Turkish' orchestration,"WoO 18, Biamonti 780",1822.0,0.0,F
,WoO 19,,Biamonti 519/2, March,F major, ww br perc,Orchestral, 1st version  without trio or 'Turkish' orchestration; also arr. for pf,"WoO 19, Biamonti 519/2",1810.0,0.0,F
,WoO 19,Hess 8,Biamonti 517, March,F major, ww br perc,Orchestral, 2nd version  without trio  but with 'Turkish' orchestration,"WoO 19, Biamonti 517",1810.0,0.0,F
,WoO 19,Hess 9,Biamonti 781, March,F major, ww br perc,Orchestral, 3rd version  with trio and 'Turkish' orchestration,"WoO 19, Biamonti 781",1822.0,0.0,F
,WoO 20,,Biamonti 525, March ('Zapfenstreich') ('The Tattoo'),C major, ww br perc,Orchestral, 1st version  without trio,"WoO 20, Biamonti 525",1809.0,0.0,C
,WoO 20,,Biamonti 525, March ('Zapfenstreich') ('The Tattoo'),C major, ww br perc,Orchestral, 2nd version  with trio,"WoO 20, Biamonti 525",1822.0,0.0,C
,WoO 21,,Biamonti 520, Polonaise,D major, ww br perc,Orchestral, NaN,"WoO 21, Biamonti 520",1810.0,0.0,D
,WoO 22,,Biamonti 521, Ecossaise,D major, ww br perc,Orchestral, NaN,"WoO 22, Biamonti 521",1810.0,0.0,D
,WoO 23,,Biamonti 532, Ecossaise,G major, ww br perc,Orchestral, lost; only know in arr. for pf by Carl Czerny,"WoO 23, Biamonti 532",1810.0,0.0,G
,WoO 24,,Biamonti 653, March,D major, ww br perc,Orchestral, NaN,"WoO 24, Biamonti 653",1816.0,0.0,D
,WoO 25,,Biamonti 40, Rondino,E flat major, 2ob 2cl 2bn 2hn,Chamber, originally intended as finale to Op. 103,"WoO 25, Biamonti 40",1793.0,0.0,E flat
,WoO 26,Hess 17,Biamonti 32, Duo for 2 flutes,G major, 2fl,Chamber, NaN,"WoO 26, Biamonti 32",1792.0,0.0,G
,WoO 27,,Biamonti 39, Duets (3),, cl bn,Chamber, Beethoven's authorship doubtful; also arr. for vn vc,"WoO 27, Biamonti 39",1718.0,,
,WoO 27,,Biamonti 39, Duets (3),, vn vc,Chamber, Beethoven's authorship doubtful; arr. from version for cl bn,"WoO 27, Biamonti 39",1718.0,,
,WoO 28,Hess 18,, Variations on 'Là ci darem la mano'  WoO 28 (8),C major, 2ob eh,Chamber, theme from Don Giovanni  K.527  by Wolfgang Amadeus Mozart,WoO 28,1795.0,0.0,C
,WoO 29,,Biamonti 440, March for Wind Sextet in B-flat major('Grenadiermarsch'),B flat major, 2cl 2bn 2hn,Chanber, music re-used in Hess 107; also arr. for pf,"WoO 29, Biamonti 440",1798.0,0.0,B flat
,WoO 29,Hess 87,, March for Wind Sextet in B-flat major('Grenadiermarsch'),B flat major, pf,Keyboard, arr. of version for wind sextet,WoO 29,1798.0,0.0,B flat
,WoO 30,,Biamonti 548, Equali (3),, 4tbn,Chamber, also arr. for mch,"WoO 30, Biamonti 548",1812.0,,
,WoO 30,,, Equali (3),, mch,Chamber, arr. from version for 4tbn; Beethoven's authorship uncertain,WoO 30,1812.0,,
,WoO 31,,Biamonti 6, Fugue,D major, org,Keyboard, NaN,"WoO 31, Biamonti 6",1783.0,0.0,D
,WoO 32,Hess 22-24,Biamonti 161, Duet mit zwei obligaten Augengläsern ('Duet with 2 obbligato eyeglasses'),E flat major, va vc,Chamber, movt. II incomplete,"WoO 32, Biamonti 161",1797.0,0.0,E flat
,WoO 33,Hess 103-106,Biamonti 197-200, Pieces for Musical Clock (or for flute) (5),, mech/fl,Chamber, NaN,"WoO 33, Biamonti 197-200",1718.0,,
,WoO 33b,Hess 106-107,Biamonti NaN, Pieces (2),,,, NaN,"WoO 33b, Biamonti NaN",1795.0,,
,WoO 34,Hess 42,Biamonti 740, Duet,A major, 2vn,Chamber, NaN,"WoO 34, Biamonti 740",1822.0,0.0,A
,WoO 35,Hess 273,Biamonti 809, Canon,A major, 2vn/2vc,Chamber, NaN,"WoO 35, Biamonti 809",1825.0,0.0,A
,WoO 36 No. 1,,Biamonti 12/1, Piano Quartets: Piano Quartet No.1 in E-flat major,E flat major, vn va vc pf,Chamber, one theme also used in Hess 298,"WoO 36 No. 1, Biamonti 12/1",1785.0,0.0,E flat
,WoO 36 No. 2,,Biamonti 12/2, Piano Quartets: Piano Quartet No.2 in D major,D major, vn va vc pf,Chamber, NaN,"WoO 36 No. 2, Biamonti 12/2",1785.0,0.0,D
,WoO 36 No. 3,,Biamonti 12/3, Piano Quartets: Piano Quartet No.3 in C major,C major, vn va vc pf,Chamber, some music re-used in Op.2/1 and Op. 2/3,"WoO 36 No. 3, Biamonti 12/3",1785.0,0.0,C
,WoO 37,,Biamonti 19, Trio,G major, fl bn pf,Chamber, NaN,"WoO 37, Biamonti 19",1790.0,0.0,G
,WoO 38,,Biamonti 31, Piano Trio in E-flat major,E flat major, vn vc pf,Chamber, NaN,"WoO 38, Biamonti 31",1791.0,0.0,E flat
,WoO 39,,Biamonti 542, Allegretto,B flat major, vn vc pf,Chamber, NaN,"WoO 39, Biamonti 542",1812.0,0.0,B flat
,WoO 40,,Biamonti 46, Variations on 'Se vuol ballare' (12),F major, vn pf,Chamber, theme from the opera [[Le nozze di Figaro  K.492 (Mozart  Wolfgang Amadeus  {{{4}}})|Le nozze di Figaro]]  K.492  by [[:Category:Mozart  Wolfgang Amadeus  {{{4}}}|{{{4}}} Mozart  Wolfgang Amadeus]],"WoO 40, Biamonti 46",1793.0,0.0,F
,WoO 41,,Biamonti 57, Rondo,G major, vn pf,Chamber, NaN,"WoO 41, Biamonti 57",1794.0,0.0,G
,WoO 42,,Biamonti 112, German Dances (6),, vn pf,Chamber, NaN,"WoO 42, Biamonti 112",1796.0,,
,WoO 43a,,Biamonti 121, Sonatina,C minor, mand hpd,Chamber, NaN,"WoO 43a, Biamonti 121",1796.0,1.0,C
,WoO 43b,,Biamonti 122, Adagio,E flat major, mand hpd,Chamber, 1st version,"WoO 43b, Biamonti 122",1796.0,0.0,E flat
,WoO 43b,Hess 44,Biamonti 123, Adagio,E flat major, mand hpd,Chamber, 2nd version,"WoO 43b, Biamonti 123",,0.0,E flat
,WoO 44a,Hess 43,Biamonti 124, Sonatina,C major, mand hpd,Chamber, NaN,"WoO 44a, Biamonti 124",1796.0,0.0,C
,WoO 44b,Hess 45,Biamonti 125, Andante con Variazioni,D major, mand hpd,Chamber, NaN,"WoO 44b, Biamonti 125",1796.0,0.0,D
,WoO 45,,Biamonti 126, Variations on 'See the conqu'ring hero comes' (12),G major, vc pf,Chamber, theme from the oratorio Judas Maccabaeus  HWV 63  by George Frideric Handel,"WoO 45, Biamonti 126",1796.0,0.0,G
,WoO 46,,Biamonti 300, Variations on 'Bei Männern  welche Liebe fühlen' (7),E flat major, vc pf,Chamber, theme from the opera Die Zauberflöte  K.620  by Wolfgang Amadeus Mozart,"WoO 46, Biamonti 300",1801.0,0.0,E flat
,WoO 47 No. 1,,Biamonti 2/1, Piano Sonatas ('Electoral') ('Kurfürstensonate'): Piano Sonata,E flat major, pf,Keyboard, NaN,"WoO 47 No. 1, Biamonti 2/1",1783.0,0.0,E flat
,WoO 47 No. 2,,Biamonti 2/2, Piano Sonatas ('Electoral') ('Kurfürstensonate'): Piano Sonata,F minor, pf,Keyboard, NaN,"WoO 47 No. 2, Biamonti 2/2",1783.0,1.0,F
,WoO 47 No. 3,,Biamonti 2/3, Piano Sonatas ('Electoral') ('Kurfürstensonate'): Piano Sonata,D major, pf,Keyboard, NaN,"WoO 47 No. 3, Biamonti 2/3",1783.0,0.0,D
,WoO 48,Hess 51,Biamonti 4, Rondo,C major, pf,Keyboard, NaN,"WoO 48, Biamonti 4",1783.0,0.0,C
,WoO 49,,Biamonti 5, Rondo,A major, pf,Keyboard, NaN,"WoO 49, Biamonti 5",1783.0,0.0,A
,WoO 50,Hess 53,Biamonti 21, Piano Sonata,F major, pf,Keyboard, 2 movts. only,"WoO 50, Biamonti 21",1792.0,0.0,F
,WoO 51,,Biamonti 36, Piano Sonata,C major, pf,Keyboard, partially lost; completion by Ferdinand Ries,"WoO 51, Biamonti 36",1798.0,0.0,C
,WoO 52,,Biamonti 139, Bagatelle,C minor, pf,Keyboard, originally intended for Op.10,"WoO 52, Biamonti 139",1718.0,1.0,C
,WoO 53,,Biamonti 158, Allegretto,C minor, pf,Keyboard, originally intended for Op. 10; 1st version,"WoO 53, Biamonti 158",1797.0,1.0,C
,WoO 53,Hess 66,Biamonti 159, Allegretto,C minor, pf,Keyboard, 2nd version,"WoO 53, Biamonti 159",1797.0,1.0,C
,WoO 54,,Biamonti 26, Bagatelle ('Lustig-traurig'),C major, pf,Keyboard, NaN,"WoO 54, Biamonti 26",1802.0,1.0,C
,WoO 55,,Biamonti 374, Prelude,F minor, pf,Keyboard, NaN,"WoO 55, Biamonti 374",1803.0,1.0,F
,WoO 56,,Biamonti 408, Bagatelle,C major, pf,Keyboard, NaN,"WoO 56, Biamonti 408",1822.0,0.0,C
,WoO 57,,Biamonti 409, Andante favori,F major, pf,Keyboard, originally intended as movt. II of Op. 53; see also Hess Anh. 10,"WoO 57, Biamonti 409",1804.0,0.0,F
,WoO 58,,Biamonti 424, Cadenzas (2),D minor, pf,Keyboard, for movts. I and III of Piano Concerto No.20 in D minor  K.466  by Wolfgang Amadeus Mozart,"WoO 58, Biamonti 424",1809.0,1.0,D
,WoO 59,,Biamonti 515, Für Elise (Bagatelle),A minor, pf,Keyboard, NaN,"WoO 59, Biamonti 515",1810.0,1.0,A
,WoO 60,,Biamonti 690, Bagatelle in B-flat major ('Zeimlich lebhaft') ('A little lively'),B flat major, pf,Keyboard, NaN,"WoO 60, Biamonti 690",1818.0,0.0,B flat
,WoO 61,Hess 62,Biamonti 736, Allegretto,B minor, pf,Keyboard, NaN,"WoO 61, Biamonti 736",1821.0,1.0,B
,WoO 61a,Hess 56,Biamonti 825, Bagatelle (Allegretto quasi Andante),G minor, pf,Keyboard, NaN,"WoO 61a, Biamonti 825",1825.0,1.0,G
,WoO 62,Hess 41,Biamonti 846," String Quintet ('""Letzter musikalischer Gedanke') '('Last Musical Thought')",C major, 2vn va vc,Chamber, sketches only; arr. for pf and completed by Anton Diabelli,"WoO 62, Biamonti 846",1826.0,0.0,C
,WoO 63,,Biamonti 1, Variations on a March by Dressler (9),C minor, pf,Chamber, based on a march by Ernst Christoph Dressler,"WoO 63, Biamonti 1",1782.0,1.0,C
,WoO 64,,Biamonti 25, Variations on a Swiss song(6),F major, pf/hp,Keyboard/Chamber, NaN,"WoO 64, Biamonti 25",1792.0,0.0,F
,WoO 65,Hess 55,Biamonti 299, Variations on 'Venni Amore' (24),D major, pf,Keyboard, theme by Vincenzo Righini,"WoO 65, Biamonti 299",1791.0,0.0,D
,WoO 66,,Biamonti 37, Variations on 'Es war einmal ein alter Mann'(13),A major, pf,Keyboard, theme from the opera Das rote Käppchen by Carl Ditters von Dittersdorf,"WoO 66, Biamonti 37",1792.0,0.0,A
,WoO 67,,Biamonti 35, Variations on a Theme by Count Waldstein (8),C major, pf4h,Keyboard, NaN,"WoO 67, Biamonti 35",1792.0,0.0,C
,WoO 68,,Biamonti 94, Variations on 'Menuet a la Vigano' (12),C major, pf,Keyboard, theme from the ballet ''La nozza disturbate'' by Jakob Haibel,"WoO 68, Biamonti 94",1795.0,0.0,C
,WoO 69,,Biamonti 90, Variations on 'Quant'e piu bello' (9),A major, pf,Keyboard, theme from the opera L'amor contrastato  R 1.76  by Giovanni Paisiello,"WoO 69, Biamonti 90",1795.0,0.0,A
,WoO 70,,Biamonti 91, Variations on 'Nel cor piu non mi sento' (6),G major, pf,Keyboard, theme from the opera L'amor contrastato  R 1.76  by Giovanni Paisiello,"WoO 70, Biamonti 91",1795.0,0.0,G
,WoO 71,,Biamonti 107, Variations on the Russian Dance from 'Das Waldmädchen' (12),A major, pf,Keyboard, theme from the ballet ''Das Waldmádchen'' by Paul Wranitzky,"WoO 71, Biamonti 107",1797.0,0.0,A
,WoO 72,,Biamonti 138, Variations on 'Une fièvre brûlante' (8),C major, pf,Keyboard, theme from the opera Richard Cœur-de-Lion by André Ernest Modeste Grétry,"WoO 72, Biamonti 138",1798.0,0.0,C
,WoO 73,,Biamonti 175, Variations on 'La stessa  la stessissima' (10),B flat major, pf,Keyboard, theme from the opera Falstaff by Antonio Salieri,"WoO 73, Biamonti 175",1799.0,0.0,B flat
,WoO 74,,Biamonti 177/418, Variations for Piano Four-Hands on 'Ich denke dein' (6),D major, pf4h (+ v),Keyboard/Vocal, theme includes vocal part,"WoO 74, Biamonti 177/418",1718.0,0.0,D
,WoO 75,,Biamonti 181, Variations on 'Kind  willst du ruhig schlafen' (7),F major, pf,Keyboard, theme from the opera Das unterbrochene Opferfest by Peter von Winter,"WoO 75, Biamonti 181",1799.0,0.0,F
,WoO 76,,Biamonti 179, Variations on 'Tändeln und Scherzen' (8),F major, pf,Keyboard, theme from the opera ''Soliman oder die drei Sultaninnen'' by Franz Xaver Süssmayr,"WoO 76, Biamonti 179",1799.0,0.0,F
,WoO 77,,Biamonti 209, Variations in G major(6) ('Six Easy Variations on an Original Theme'),G major, pf,Keyboard, NaN,"WoO 77, Biamonti 209",1800.0,0.0,G
,WoO 78,,Biamonti 368, Variations on 'God Save the King' (7),C major, pf,Keyboard, theme of the British national anthem God Save the King,"WoO 78, Biamonti 368",1803.0,0.0,C
,WoO 79,,Biamonti 369, Variations on 'Rule Britannia' (5),D major, pf,Keyboard, theme of Rule Britannia by  Thomas Augustine Arne,"WoO 79, Biamonti 369",1803.0,0.0,D
,WoO 80,,Biamonti 430, Variations (32),C minor, pf,Keyboard, NaN,"WoO 80, Biamonti 430",1806.0,1.0,C
,WoO 81,,Biamonti 266, Allemande,A major, pf,Keyboard, NaN,"WoO 81, Biamonti 266",1718.0,0.0,A
,WoO 82,,Biamonti 373, Minuet,E flat major, pf,Keyboard, NaN,"WoO 82, Biamonti 373",1803.0,0.0,E flat
,WoO 83,,Biamonti 437, Ecossaises (6),E flat major, pf,Keyboard, NaN,"WoO 83, Biamonti 437",1806.0,0.0,E flat
,WoO 84,,Biamonti 793, Waltz,E flat major, pf,Keyboard, NaN,"WoO 84, Biamonti 793",1824.0,0.0,E flat
,WoO 85,,Biamonti 828, Waltz,D major, pf,Keyboard, NaN,"WoO 85, Biamonti 828",1825.0,0.0,D
,WoO 86,,Biamonti 829, Ecossaise,E flat major, pf,Keyboard, NaN,"WoO 86, Biamonti 829",1825.0,0.0,E flat
,WoO 87,,Biamonti 17, Cantata on the Death of Emperor Joseph II (Trauerkantate auf den Tod Joseph II),C minor, sop bass ch orch,Vocal, NaN,"WoO 87, Biamonti 17",1790.0,1.0,C
,WoO 88,,Biamonti 18, Cantata on the Accession of Emperor Leopold II (Kantate auf die Erhebung Leopold II zur Kaiserwürde),A flat major, sop ten bass ch orch,Vocal, NaN,"WoO 88, Biamonti 18",1790.0,0.0,A flat
,WoO 89,,Biamonti 28/1," Prüfung des Küssens (""Meine weise Mutter spricht"")",F major, bass orch,Vocal, NaN,"WoO 89, Biamonti 28/1",1792.0,0.0,F
,WoO 90,,Biamonti 28/2, Mit Mädeln sich vertragen,D major, bass orch,Vocal, NaN,"WoO 90, Biamonti 28/2",1792.0,0.0,D
,WoO 91 No. 1,,Biamonti 119/1, Die schöne Schusterin  arias for Umlau's Singspiel : O welch ein Leben! ein ganzes Meer,F major, sop orch,Stage, theme re-used in Op. 52/4,"WoO 91 No. 1, Biamonti 119/1",1795.0,0.0,F
,WoO 91 No. 2,,Biamonti 119/2, Die schöne Schusterin  arias for Umlau's Singspiel : Soll ein Schuh nicht drücken,B flat major, sop orch,Stage, NaN,"WoO 91 No. 2, Biamonti 119/2",1795.0,0.0,B flat
,WoO 92,,Biamonti 214, Primo amore piacer del ciel  scene and aria,A major, sop orch,Vocal, NaN,"WoO 92, Biamonti 214",1792.0,0.0,A
,WoO 92a,Hess 119,Biamonti 304, No  non turbarti  scene and aria,, sop str,Vocal, NaN,"WoO 92a, Biamonti 304",1802.0,,
,WoO 93,Hess 120,Biamonti 352, Ne' giorni tuoi felici  duet,, sop ten orch,Vocal, NaN,"WoO 93, Biamonti 352",1802.0,,
,WoO 94,,Biamonti 568, Germania,B flat major, vv ch orch,Stage, finale for the Singspield ''Die gute Nachricht'' by Georg Friedrich Treitschke,"WoO 94, Biamonti 568",1814.0,0.0,B flat
,WoO 95,,Biamonti 583," Chorus for the Allied Princes (Chor auf die verbündeten Fürsten) (""Ihr weisen Gründer"")",A major, ch orch,Vocal, NaN,"WoO 95, Biamonti 583",1814.0,0.0,A
,WoO 96,,Biamonti 595, Leonore Prohaska  incidental music,, nar sop mch orch,Stage, for the drama of the same name by Johann Friedrich Leopold Duncker; the funeral march (No. 4) is arr. for orch of movt. III from Op. 26,"WoO 96, Biamonti 595",1815.0,,
,WoO 97,,Biamonti 598, Es ist vollbracht  chorus,D major, bass ch orch,Stage, finale for the Singspiel ''Die Ehrempforten'' by Georg Friedrich Treitschke,"WoO 97, Biamonti 598",1815.0,0.0,D
,WoO 98,Hess 118,Biamonti 742, Wo sich die Pulse  chorus,B flat major, sop ch orch,Stage, part of Op. 114,"WoO 98, Biamonti 742",1822.0,0.0,B flat
,WoO 99 No. 1,Hess 211,Biamonti 58, Italian Partsongs:  Bei labbri  che Amore,B flat major, 2vv,Vocal, NaN,"WoO 99 No. 1, Biamonti 58",1803.0,0.0,B flat
,WoO 99 No. 2,Hess 214,Biamonti 202, Italian Partsongs:  Chi mai di questo core,C major, 3vv,Vocal, NaN,"WoO 99 No. 2, Biamonti 202",1803.0,0.0,C
,WoO 99 No. 3a,,Biamonti 142, Italian Partsongs:  Fra tutte le pene,, 2vv,Vocal, 1st setting  1st version,"WoO 99 No. 3a, Biamonti 142",1797.0,,
,WoO 99 No. 3a,Hess 208,Biamonti 143, Italian Partsongs:  Fra tutte le pene,, 2vv,Vocal, 1st setting  2nd version,"WoO 99 No. 3a, Biamonti 143",1803.0,,
,WoO 99 No. 3b,Hess 225,Biamonti 144, Italian Partsongs:  Fra tutte le pene,, 2vv,Vocal, 2nd setting  1st version,"WoO 99 No. 3b, Biamonti 144",1803.0,,
,WoO 99 No. 3b,Hess 209,Biamonti 145, Italian Partsongs:  Fra tutte le pene,, 2vv,Vocal, 2nd setting  2nd version,"WoO 99 No. 3b, Biamonti 145",1803.0,,
,WoO 99 No. 3c,Hess 224,Biamonti 146, Italian Partsongs:  Fra tutte le pene,, 2vv,Vocal, 3rd setting  1st version,"WoO 99 No. 3c, Biamonti 146",1803.0,,
,WoO 99 No. 3c,Hess 210,Biamonti 147, Italian Partsongs:  Fra tutte le pene,, 2vv,Vocal, 3rd setting  2nd version,"WoO 99 No. 3c, Biamonti 147",1803.0,,
,WoO 99 No. 4a,Hess 222,Biamonti 341, Italian Partsongs:  Già la notte s'avvicina,, 4vv,Vocal, 1st setting,"WoO 99 No. 4a, Biamonti 341",1803.0,,
,WoO 99 No. 4b,Hess 223,Biamonti 342, Italian Partsongs:  Già la notte s'avvicina,, 3vv,Vocal, 2nd setting,"WoO 99 No. 4b, Biamonti 342",1803.0,,
,,Hess 230,Biamonti 215, Giura il nocchier,C major, 4vv,Vocal, 1st setting  1st version,"Hess 230, Biamonti 215",1794.0,0.0,C
,WoO 99 No. 5a,Hess 221,Biamonti 336, Italian Partsongs:  Giura il nocchier,C major, 4vv,Vocal, 1st setting  2nd version,"WoO 99 No. 5a, Biamonti 336",1803.0,0.0,C
,WoO 99 No. 5b,Hess 227,Biamonti 59, Italian Partsongs:  Giura il nocchier,C major, 3vv,Vocal, 2nd setting,"WoO 99 No. 5b, Biamonti 59",1803.0,0.0,C
,WoO 99 No. 6,Hess 212,Biamonti 60, Italian Partsongs:  Ma tu tremi  o mio tesoro,G major, 3vv,Vocal, NaN,"WoO 99 No. 6, Biamonti 60",1803.0,0.0,G
,WoO 99 No. 7a,Hess 217,Biamonti 109, Italian Partsongs:  Nei campi e nelle selve,C major, 4vv,Vocal, 1st setting,"WoO 99 No. 7a, Biamonti 109",1803.0,0.0,C
,WoO 99 No. 7b,Hess 220,Biamonti 110, Italian Partsongs:  Nei campi e nelle selve,C major, 4vv,Vocal, 2nd setting,"WoO 99 No. 7b, Biamonti 110",1803.0,0.0,C
,WoO 99 No. 8,,Biamonti 84, Italian Partsongs:  O care selve,G major, v uch,Vocal, also published separately as WoO 119,"WoO 99 No. 8, Biamonti 84",1795.0,0.0,G
,WoO 99 No. 9,Hess 216,Biamonti 127, Italian Partsongs:  Per te d'amico aprile,E flat major, 3vv,Vocal, NaN,"WoO 99 No. 9, Biamonti 127",1803.0,0.0,E flat
,WoO 99 No. 10a,Hess 213,Biamonti 149, Italian Partsongs:  Quella cetra ah pur tu sei,A major, 3vv,Vocal, 1st setting,"WoO 99 No. 10a, Biamonti 149",1803.0,0.0,A
,WoO 99 No. 10b,Hess 218,Biamonti 148, Italian Partsongs:  Quella cetra ah pur tu sei,A major, 3vv,Vocal, 2nd setting,"WoO 99 No. 10b, Biamonti 148",1803.0,0.0,A
,WoO 99 No. 10c,Hess 219,Biamonti 150, Italian Partsongs:  Quella cetra ah pur tu sei,A major, 3vv,Vocal, 3rd setting,"WoO 99 No. 10c, Biamonti 150",1803.0,0.0,A
,WoO 99 No. 11,Hess 215,Biamonti 128, Italian Partsongs:  Scrivo in te,D major, 3vv,Vocal, NaN,"WoO 99 No. 11, Biamonti 128",1803.0,0.0,D
,WoO 99 No. 12,Hess 226,Biamonti 335, Italian Partsongs:  Silvio  amante disperato,, 4vv,Vocal, NaN,"WoO 99 No. 12, Biamonti 335",1802.0,,
,WoO 100,Hess 278,Biamonti 303," Lob auf den Dicken (""Schuppanzigh ist ein Lump"")  musical joke",G major, ten 2bass ch,Vocal, NaN,"WoO 100, Biamonti 303",1801.0,0.0,G
,WoO 101,Hess 279,Biamonti 331, Graf  liebster Graf  liebstes Schaf  musical joke,E flat major, 3vv,Vocal, NaN,"WoO 101, Biamonti 331",1802.0,0.0,E flat
,WoO 102,,Biamonti 573," Abschiedsgesang (""Die Stunde schlägt"") ('Song of Farewell')",B flat major, ten 2bass,Vocal, NaN,"WoO 102, Biamonti 573",1814.0,0.0,B flat
,WoO 103,Hess 127,Biamonti 574," Un lieto brindisi('Cantata campestre') (""Johannisfeier begehn wir heute"")",B flat major, 4vv pf,Vocal, NaN,"WoO 103, Biamonti 574",1814.0,0.0,B flat
,WoO 104,,Biamonti 673," Gesang der Mönche (""Rasch tritt der Tod den Menchen an"") (Song of the Monks)",C minor, 2ten bass,Vocal, for the play ''William Tell'' by Friedrich Schiller,"WoO 104, Biamonti 673",1817.0,1.0,C
,WoO 105,Hess 124,Biamonti 696," Hochzeitslied(""Auf Freunde  singt dem Gott der ehen!"")",A major, bass ch pf,Vocal, 1st version,"WoO 105, Biamonti 696",1819.0,0.0,A
,WoO 105,Hess 125,Biamonti 696," Hochzeitslied(""Auf Freunde  singt dem Gott der ehen!"")",C major, uch pf,Vocal, 2nd version,"WoO 105, Biamonti 696",1819.0,0.0,C
,WoO 106,,Biamonti 772, Lobkowitz-Cantate,E flat major, sop ch pf,Vocal, NaN,"WoO 106, Biamonti 772",1823.0,0.0,E flat
,WoO 107,,Biamonti 7," Schilderung eines Mädchens(""Schildern  willst du Freund  soll ich dir Elisen?"")",G major, v pf,Vocal, NaN,"WoO 107, Biamonti 7",1782.0,0.0,G
,WoO 108,,Biamonti 9," An einen Säugling (""Noch weisst du nicht  wes Kind du bist"")",A major, v pf,Vocal, NaN,"WoO 108, Biamonti 9",1783.0,0.0,A
,WoO 109,,Biamonti 13," Trinklied (beim Abschied zu singen) (""Erhebt das Glas mit froher Hand"")",C major, v pf,Vocal, NaN,"WoO 109, Biamonti 13",1792.0,0.0,C
,WoO 110,,Biamonti 14," Elegie auf den Tod eines Pudels (""Stirb immerhin  es welken ja so viele der Freuden"")",F minor, v pf,Vocal, NaN,"WoO 110, Biamonti 14",1790.0,1.0,F
,WoO 111,Hess 126,Biamonti 22," Punschlied(""Wer nicht  wenn warm von Hand zu Hand"")",G major, v pf,Vocal, NaN,"WoO 111, Biamonti 22",1792.0,0.0,G
,WoO 112,Hess 128,Biamonti 27," An Laura(""Freud' umblühe dich auf allen Wegen"")",G major, v pf,Vocal, NaN,"WoO 112, Biamonti 27",1792.0,0.0,G
,WoO 113,,Biamonti 23, Klage,E major, v pf,Vocal, NaN,"WoO 113, Biamonti 23",1790.0,0.0,E
,WoO 114,,Biamonti 38," Ein Selbstgespräch (""Ich  der mit flatternden Sinn"")",E major, v pf,Vocal, NaN,"WoO 114, Biamonti 38",1793.0,0.0,E
,WoO 115,,Biamonti 45," An Minna(""Nur bei dir  an deinem Herzen"")",D major, v pf,Vocal, NaN,"WoO 115, Biamonti 45",1792.0,0.0,D
,WoO 116a,Hess 129,Biamonti 44, Que le temps me dure,C minor, v pf,Vocal, 1st version  incomplete,"WoO 116a, Biamonti 44",1793.0,1.0,C
,WoO 116b,Hess 130,Biamonti 44, Que le temps me dure,C major, v pf,Vocal, 2nd version  incomplete,"WoO 116b, Biamonti 44",1793.0,0.0,C
,WoO 117,,Biamonti 77," Der freie Mann (""Wer ist ein freier Mann?"")",C major, uch,Vocal, NaN,"WoO 117, Biamonti 77",1794.0,0.0,C
,WoO 118,,Biamonti 79," Seufzer eines Ungeliebten und Gegenliebe (""Hast du nicht Liebe zugernessen"")",C minor, v pf,Vocal, theme later used in Op.80,"WoO 118, Biamonti 79",1795.0,1.0,C
,WoO 119,,Biamonti 84, O care selve,G major, v pf,Vocal, also published as WoO 99/8,"WoO 119, Biamonti 84",1795.0,0.0,G
,WoO 120,,Biamonti 78, Man strebt  die Flamme zu verhehlen,F major, v pf,Vocal, NaN,"WoO 120, Biamonti 78",1802.0,0.0,F
,WoO 121,,Biamonti 108," Abschiedsgesang an Wiens Bürger(""Keine Klage soll erschallen"")",G major, v pf,Vocal, NaN,"WoO 121, Biamonti 108",1796.0,0.0,G
,WoO 122,,Biamonti 132," Kriegslied der Österreicher (""Ein grosses deutches Volk sind wir"")",C major, v uch pf,Vocal, NaN,"WoO 122, Biamonti 132",1797.0,0.0,C
,WoO 123,,Biamonti 287," Zärtliche Liebe (""Ich liebe dich  so wie du mich"")",G major, v pf,Vocal, NaN,"WoO 123, Biamonti 287",1795.0,0.0,G
,WoO 124,,Biamonti 164," La Partenza (Der Abschied) (""Ecco quel fiero istante!"")",A major, v pf,Vocal, NaN,"WoO 124, Biamonti 164",1795.0,0.0,A
,WoO 125,Hess 135,Biamonti 125," La tiranna(""Ah grief to think"")",E flat major, v pf,Vocal, NaN,"WoO 125, Biamonti 125",1799.0,0.0,E flat
,WoO 126,,Biamonti 173," Opferlied(""Die Flamme lodert"")",E major, v pf,Vocal, 1st version of Op. 121b  Hess 91  Hess 145,"WoO 126, Biamonti 173",1795.0,0.0,E
,WoO 127,Hess 136,Biamonti 186," Neue Liebe  neues Leben (""Herz  mein Herz  was soll das geben?"")",C major, v pf,Vocal, 1st setting of Op. 75/2,"WoO 127, Biamonti 186",1799.0,0.0,C
,WoO 128,Hess 131,Biamonti 201," Plaisir d'aimer"" (""Plaisir d'aimer besoin d'une âme tendre"")",G major, v pf,Vocal, NaN,"WoO 128, Biamonti 201",1799.0,0.0,G
,WoO 129,,Biamonti 378," Der Wachtelschlag (""Ach  wie schalt's dorten so lieblich hervor"")",F major, v pf,Vocal, NaN,"WoO 129, Biamonti 378",1803.0,0.0,F
,WoO 130,,Biamonti 416," Gedenke mein! (""Gedenke mein  ich denke dein"")",E flat major, v pf,Vocal, NaN,"WoO 130, Biamonti 416",1820.0,0.0,E flat
,WoO 131,Hess 148,Biamonti 526," Erlkönig(""Wer reitet so spat durch Nacht und Wind?"")",D minor, v pf (?),Vocal, unfinished sketch for song,"WoO 131, Biamonti 526",1796.0,1.0,D
,WoO 132,,Biamonti 428," Als die Geliebte sich trennen wollte(""Der Hoffnung letzter Schimmer sinkt dahin"") ('Empfindungen bei Lydiens Untreue')",E flat major, v pf,Vocal, NaN,"WoO 132, Biamonti 428",1806.0,0.0,E flat
,WoO 133,,Biamonti 442, In questa tomba oscura  arietta,A flat major, v pf,Vocal, NaN,"WoO 133, Biamonti 442",1807.0,0.0,A flat
,WoO 134 No. 1,,Biamonti 446/1, Sehnsucht,G minor, v pf,Vocal, 1st setting,"WoO 134 No. 1, Biamonti 446/1",1808.0,1.0,G
,WoO 134 No. 2,,Biamonti 446/2, Sehnsucht,G minor, v pf,Vocal, 2nd setting,"WoO 134 No. 2, Biamonti 446/2",1808.0,1.0,G
,WoO 134 No. 3,,Biamonti 446/3, Sehnsucht,E flat major, v pf,Vocal, 3rd setting,"WoO 134 No. 3, Biamonti 446/3",1808.0,0.0,E flat
,WoO 134 No. 4,,Biamonti 446/4, Sehnsucht,G minor, v pf,Vocal, 4th setting,"WoO 134 No. 4, Biamonti 446/4",1808.0,1.0,G
,WoO 135,,Biamonti 503," Die laute Klage (""Turteltaube  du klagtest so laut"")",C minor, v pf,Vocal, NaN,"WoO 135, Biamonti 503",1815.0,1.0,C
,WoO 136,,Biamonti 496," Andenken (""Ich denke dein"")",D major, v pf,Vocal, NaN,"WoO 136, Biamonti 496",1808.0,0.0,D
,WoO 137,,Biamonti 498," Lied aus der Ferne (""Als mir noch die Träne"")",B flat major, v pf,Vocal, NaN,"WoO 137, Biamonti 498",1809.0,0.0,B flat
,WoO 138,,Biamonti 497," Der Jüngling in der Fremde (""Der Früling entblühet dem Schoß der Natur"")",B flat major, v pf,Vocal, NaN,"WoO 138, Biamonti 497",1809.0,0.0,B flat
,WoO 139,,Biamonti 500," Der Liebende (""Welch ein wunderbares Leben"")",D major, v pf,Vocal, NaN,"WoO 139, Biamonti 500",1809.0,0.0,D
,WoO 140 No. 1,,Biamonti 540/1," An die Geliebte (""O daß ich dir vom stillen Auge"")",D major, v pf,Vocal, 1st setting,"WoO 140 No. 1, Biamonti 540/1",1811.0,0.0,D
,WoO 140 No. 2,,Biamonti 540/2," An die Geliebte (""O daß ich dir vom stillen Auge"")",D major, v pf,Vocal, 2nd setting,"WoO 140 No. 2, Biamonti 540/2",1814.0,0.0,D
,WoO 141,,Biamonti 555," Der Gesang der Nachtigall (""Höre  die Nachtigall singt"""")",C major, v pf,Vocal, NaN,"WoO 141, Biamonti 555",1813.0,0.0,C
,WoO 142,,Biamonti 558," Der Bardengeist (""Dort auf dem hohen Felsen sang"")",E minor, v pf,Vocal, NaN,"WoO 142, Biamonti 558",1813.0,1.0,E
,WoO 143,,Biamonti 589," Des Kriegers Abschied (""Ich zieh' ins Feld von Lieb'entbrannt"")",E flat major, v pf,Vocal, NaN,"WoO 143, Biamonti 589",1814.0,0.0,E flat
,WoO 144,,Biamonti 587, Merkenstein,E flat major, v pf,Vocal, 1st setting of Op.100,"WoO 144, Biamonti 587",1814.0,0.0,E flat
,WoO 145,,Biamonti 642," Das Geheimnis (""Wo blüht das Blümchen  das nie verblüht?"")",G major, v pf,Vocal, NaN,"WoO 145, Biamonti 642",1815.0,0.0,G
,WoO 146,,Biamonti 648," Sehnsucht (""Die stille Nacht umdunkelt"")",E major, v pf,Vocal, NaN,"WoO 146, Biamonti 648",1816.0,0.0,E
,WoO 147,,Biamonti 658," Ruf vom Berge (""Wenn ich ein Vöglein wär"")",A major, v pf,Vocal, NaN,"WoO 147, Biamonti 658",1816.0,0.0,A
,WoO 148,,Biamonti 670," So oder So (""Nord oder Süd!"")",F major, v pf,Vocal, NaN,"WoO 148, Biamonti 670",1817.0,0.0,F
,WoO 149,,Biamonti 679," Resignation (""Lisch aus  mein Licht!"")",D major, v pf,Vocal, NaN,"WoO 149, Biamonti 679",1817.0,0.0,D
,WoO 150,,Biamonti 722," Abendlied unter'm gestirnten Himmel (""Wenn die Sonne nieder sinket"")",E major, v pf,Vocal, NaN,"WoO 150, Biamonti 722",1820.0,0.0,E
,WoO 151,Hess 132,Biamonti 768, Der edle Mensch sei hilfreich und gut,G major, v pf,Vocal, NaN,"WoO 151, Biamonti 768",1823.0,0.0,G
,WoO 152,,Biamonti 561, Irish Songs(25),, vv vn vc pf,Vocal, NaN,"WoO 152, Biamonti 561",1812.0,,
,WoO 153,,Biamonti 563, Irish Songs (20),, vv vn vc pf,Vocal, NaN,"WoO 153, Biamonti 563",1813.0,,
,WoO 154,,Biamonti 565, Irish Songs (12),, vv vn vc pf,Vocal, NaN,"WoO 154, Biamonti 565",1813.0,,
,WoO 155,,Biamonti 533, Welsh Songs (26),, vv vn vc pf,Vocal, NaN,"WoO 155, Biamonti 533",1815.0,,
,WoO 156,,Biamonti 691, Scottish Songs (12),, vv vn vc pf,Vocal, NaN,"WoO 156, Biamonti 691",1819.0,,
,WoO 157,,Biamonti 612, Songs of Various Nationalities (12),, vv (ch) vn vc pf,Vocal, NaN,"WoO 157, Biamonti 612",1820.0,,
,WoO 158a,,Biamonti 663, Songs of Various Nationalities (23),, vv vn vc pf,Vocal, NaN,"WoO 158a, Biamonti 663",1817.0,,
,WoO 158b,,Biamonti 667, British Folk Songs (7),, vv vn vc pf,Vocal, NaN,"WoO 158b, Biamonti 667",1817.0,,
,WoO 158c,,Biamonti 692, Assorted Folk Songs (6),, vv vn vc pf,Vocal, NaN,"WoO 158c, Biamonti 692",1820.0,,
,WoO 158d,,, Air Français,F major, vv vn vc pf,Vocal, NaN,WoO 158d,,0.0,F
,WoO 159,,Biamonti 83, Im Arm der Liebe ruht sich's wohl  canon,F major, 3vv,Vocal, NaN,"WoO 159, Biamonti 83",1795.0,0.0,F
,WoO 160a,Hess 247,Biamonti 85, Canon,G major, 3vv,Vocal, without text,"WoO 160a, Biamonti 85",1795.0,0.0,G
,WoO 160b,Hess 248,Biamonti 86, Canon,G major, 4vv,Vocal, without text,"WoO 160b, Biamonti 86",1795.0,0.0,G
,WoO 161,,Biamonti 528, Ewig dein'  canon',C major, 3vv,Vocal, NaN,"WoO 161, Biamonti 528",1811.0,0.0,C
,WoO 162,,Biamonti 646," An Mälzel(""Ta ta ta  lieber Mälzel"")  canon",B flat major, 4vv,Vocal, spurious; probably written by Anton Schindler,"WoO 162, Biamonti 646",,0.0,B flat
,WoO 163,,Biamonti 559, Kurz ist der Schmerz  und ewig ist die Freude'  canon',F minor, 3vv,Vocal, 1st setting of WoO 166,"WoO 163, Biamonti 559",1813.0,1.0,F
,WoO 164,,Biamonti 579, Freundschaft ist die Quelle wahrer Glückseligkeit  canon,C major, 3vv,Vocal, NaN,"WoO 164, Biamonti 579",1814.0,0.0,C
,WoO 165,,Biamonti 593, Glück zum neuen Jahr  canon,D major, 4vv,Vocal, 1st setting of WoO 176,"WoO 165, Biamonti 593",1815.0,0.0,D
,WoO 166,,Biamonti 594, Kurz ist der Schmerz  und ewig ist die Freude  canon,F major, 3vv,Vocal, 2nd setting of WoO 163,"WoO 166, Biamonti 594",1815.0,0.0,F
,WoO 167,Hess 249,Biamonti 610, Brauchle  Linke,C major, 3vv,Vocal, NaN,"WoO 167, Biamonti 610",1815.0,0.0,C
,WoO 168a,,Biamonti 649, Das Schweigen  canon,D minor, 3vv,Vocal, NaN,"WoO 168a, Biamonti 649",1816.0,1.0,D
,WoO 168b,,Biamonti 650, Das Reden  canon,F major, 3vv,Vocal, NaN,"WoO 168b, Biamonti 650",1816.0,0.0,F
,WoO 169,Hess 250,Biamonti 647, Ich küße Sie  drücke Sie an mein Herz  canon,C major, 2vv,Vocal, NaN,"WoO 169, Biamonti 647",1816.0,0.0,C
,WoO 170,Hess 251,Biamonti 651, Ars longa  vita brevis  canon,C major, 2vv,Vocal, 1st version of WoO 192  WoO 193,"WoO 170, Biamonti 651",1816.0,0.0,C
,WoO 171,Hess 252,Biamonti 683, Glück fehl' dir vor allem!  canon,G major, 4vv,Vocal, spurious; now believed to have been written by Michael Haydn,"WoO 171, Biamonti 683",,0.0,G
,WoO 172,,Biamonti 695, Ich bitt' dich  canon,E flat major, 3vv,Vocal, NaN,"WoO 172, Biamonti 695",1818.0,0.0,E flat
,WoO 173,Hess 253,Biamonti 711, Hol' euch der Teufel!,B flat major, 2vv,Vocal, NaN,"WoO 173, Biamonti 711",1819.0,0.0,B flat
,WoO 174,,Biamonti 712, Glaube und hoffe  canon,B flat major, 4vv,Vocal, NaN,"WoO 174, Biamonti 712",1819.0,0.0,B flat
,WoO 175,Hess 255,Biamonti 715, Sankt Petrus war ein Fels  canon,, 4vv,Vocal, NaN,"WoO 175, Biamonti 715",1820.0,,
,WoO 176,,Biamonti 716, Glück zum neuen Jahr  canon,F major, 3vv,Vocal, 2nd setting of WoO 165,"WoO 176, Biamonti 716",1819.0,0.0,F
,WoO 177,Hess 257,Biamonti 734, Bester Magistrat  Ihr friert  canon,E major, 4vv 2db,Vocal, NaN,"WoO 177, Biamonti 734",1820.0,0.0,E
,WoO 178,,Biamonti 733," Abbé Stadler (""Signor Abate"")  canon",B flat major, 3vv,Vocal, NaN,"WoO 178, Biamonti 733",1820.0,0.0,B flat
,WoO 179,,Biamonti 717," Alles Gute  alles Schöne! (""Seiner Kaiserlichen Hoheit"")  canon",C major, 4vv,Vocal, NaN,"WoO 179, Biamonti 717",1819.0,0.0,C
,WoO 180,,Biamonti 724," Hofmann und kein Hofmann (""Auf einen  welcher Hoffmann geheißen"")  canon",C major, 2vv,Vocal, NaN,"WoO 180, Biamonti 724",1820.0,0.0,C
,WoO 181 No. 1,,Biamonti 749, Gedenket heute an Baden  canon,C major, 4vv,Vocal, NaN,"WoO 181 No. 1, Biamonti 749",1820.0,0.0,C
,WoO 181 No. 2,Hess 258,Biamonti 750, Gehabt euch wohl  canon,C major, 4vv,Vocal, NaN,"WoO 181 No. 2, Biamonti 750",1820.0,0.0,C
,WoO 181 No. 3,Hess 259,Biamonti 751, Tugend ist kein leerer Name  canon,C major, 3vv,Vocal, NaN,"WoO 181 No. 3, Biamonti 751",1820.0,0.0,C
,WoO 182,,Biamonti 737, O Tobias!  canon,D minor, 3vv,Vocal, NaN,"WoO 182, Biamonti 737",1821.0,1.0,D
,WoO 183,,Biamonti 770, Bester Herr Graf  canon,F major, 4vv,Vocal, NaN,"WoO 183, Biamonti 770",1823.0,0.0,F
,WoO 184,Hess 262,Biamonti 773, Falstafferel  lass dich sehen!  canon,G major, 5vv,Vocal, NaN,"WoO 184, Biamonti 773",1823.0,0.0,G
,WoO 185,,Biamonti 775, Edel sei der Mensch  canon,E major, 6vv,Vocal, 1st version,"WoO 185, Biamonti 775",1823.0,0.0,E
,WoO 185,,Biamonti 775, Edel sei der Mensch  canon,E flat major, 6vv,Vocal, 2nd version,"WoO 185, Biamonti 775",1823.0,0.0,E flat
,WoO 186,,Biamonti 789, Te solo adoro  canon,E flat major, 2vv,Vocal, 1st setting of Hess 263  Hess 264,"WoO 186, Biamonti 789",1824.0,0.0,E flat
,WoO 187,,Biamonti 792," Schwenke (""Schwenke dich ohne Schwänke"")  canon",D minor, 4vv,Vocal, NaN,"WoO 187, Biamonti 792",1824.0,1.0,D
,WoO 188,Hess 265,Biamonti 802, Gott ist eine feste Burg  canon,B flat major, 2vv,Vocal, NaN,"WoO 188, Biamonti 802",1825.0,0.0,B flat
,WoO 189,Hess 266,Biamonti 805, Doktor sperrt das Tor dem Tod  canon,C major, 4vv,Vocal, NaN,"WoO 189, Biamonti 805",1825.0,0.0,C
,WoO 190,Hess 267,Biamonti 807, Ich war hier  Doktor  canon,C major, 2vv,Vocal, NaN,"WoO 190, Biamonti 807",1825.0,0.0,C
,WoO 191,,Biamonti 823, Kühl  nicht lau  canon,B flat major, 3vv,Vocal, NaN,"WoO 191, Biamonti 823",1825.0,0.0,B flat
,WoO 192,Hess 268,Biamonti 824, Ars longa  vita brevis,F major, 4vv,Vocal, 2nd setting of WoO 170 and WoO 193,"WoO 192, Biamonti 824",1825.0,0.0,F
,WoO 193,Hess 269,Biamonti 833, Ars longa  vita brevis,C major,,Vocal, 3rd setting of WoO 170 and WoO 192,"WoO 193, Biamonti 833",1825.0,0.0,C
,WoO 194,,Biamonti 827, Si non per portas  canon,E flat major, 4vv,Vocal, NaN,"WoO 194, Biamonti 827",1825.0,0.0,E flat
,WoO 195,,Biamonti 831, Freu dich des Lebens,A minor, 2vv,Vocal, NaN,"WoO 195, Biamonti 831",1825.0,1.0,A
,WoO 196,Hess 270,Biamonti 834, Es muß sein!  canon,F major, 4vv,Vocal, NaN,"WoO 196, Biamonti 834",1826.0,0.0,F
,WoO 197,Hess 271,Biamonti 842, Da ist das Werk  canon,C major, 5vv,Vocal, NaN,"WoO 197, Biamonti 842",1826.0,0.0,C
,WoO 198,Hess 280,Biamonti 848, Wir irren allesamt  canon,C major, 2vv,Vocal, NaN,"WoO 198, Biamonti 848",1826.0,0.0,C
,WoO 199,Hess 281,Biamonti 585, Ich bin der Herr von zu,D major, v,Vocal, NaN,"WoO 199, Biamonti 585",1814.0,0.0,D
,WoO 200,Hess 75,Biamonti 688, O Hoffnung,G major, pf,Keyboard, NaN,"WoO 200, Biamonti 688",1818.0,0.0,G
,WoO 201,Hess 282,Biamonti 689, Ich bin bereit,C major, pf,Keyboard, NaN,"WoO 201, Biamonti 689",1818.0,0.0,C
,WoO 202,Hess 283,Biamonti 778, Das Schöne zum Guten!  canon,F major, v,Vocal, 1st version of WoO 203,"WoO 202, Biamonti 778",1823.0,0.0,F
,WoO 203,Hess 272,Biamonti 804, Das Schöne zum Guten!  canon,A major, v,Vocal, 2nd version of WoO 202,"WoO 203, Biamonti 804",1825.0,0.0,A
,WoO 204,Hess 284,Biamonti 826, Holz  Holz geigt die Quartette so,D minor, v,Vocal, NaN,"WoO 204, Biamonti 826",1825.0,1.0,D
,WoO 205,Hess 286-295,, Musical Greetings(10),, v,Vocal, from Beethoven's letters and conversation books,WoO 205,1718.0,,
,WoO Anh.04,,, Flute Sonata,B flat major, fl pf,Chamber, Beethoven's authoship uncertain,WoO Anh.04,1792.0,0.0,B flat
,WoO Anh.05,,, Sonatinas (2),, pf,Keyboard, probably spurious,WoO Anh.05,1792.0,,
,WoO Anh.10,,, Variations on 'Ich hab ein kleines Hüttchen nur',B flat major, pf,Keyboard, Beethoven's authorship is doubtful,WoO Anh.10,1795.0,0.0,B flat
,WoO Anh.14,,, Waltzes (6),, pf,Keyboard, spurious; authorship unknown,WoO Anh.14,,,
,,Hess 19,Biamonti 129, Wind Quintet,E flat major, ob bn 2hn,Chamber, fragment only; completion by Leopold Alexander Zellner (1862),"Hess 19, Biamonti 129",1796.0,0.0,E flat
,,Hess 29,Biamonti 80, Prelude and Fugue,E minor, 2vn vc,Chamber, NaN,"Hess 29, Biamonti 80",1795.0,1.0,E
,,Hess 30,Biamonti 80, Prelude and Fugue,F major, 2vn va vc,Chamber, NaN,"Hess 30, Biamonti 80",1795.0,0.0,F
,,Hess 40,Biamonti 684, String Quintet,D minor, 2vn 2va vc,Chamber, part of 1 movt. only,"Hess 40, Biamonti 684",1817.0,1.0,D
,,Hess 91,," Opferlied (""Die Flamme lodert"")",E major, v ch pf,Vocal, 5th version of Op. 121b  WoO 126  Hess 91  Hess 145,Hess 91,1824.0,0.0,E
,,Hess 145,Biamonti 117," Opferlied (""Die Flamme lodert"")",E major, v pf,Vocal, 2nd version of Op. 121b  WoO 126  Hess 91,"Hess 145, Biamonti 117",1796.0,0.0,E
,,Hess 238,Biamonti 80, 9 Fugues for 4 Voices,, 4open,Chamber, NaN,"Hess 238, Biamonti 80",1795.0,,
,,Hess 244,Biamonti 80, Triple Fugues (2),, 4open,Chamber, NaN,"Hess 244, Biamonti 80",1795.0,,
,,Hess Anh.10,, Andante favori,F major, 2vn va vc,Chamber, arr. of WoO 57; Beethoven's authorship uncertain,Hess Anh.10,,0.0,F
,,,Biamonti 838, Symphony No.10,E flat major,,Orchestral, unfinished sketches only; completion by Barry Cooper (1988),", Biamonti 838",1825.0,0.0,E flat
